id_bdq,foco_id,lat,lon,data_pas,pais,estado,municipio,bioma
1615355323,33cc0ead-041c-39e9-8489-cf78304e062c,-9.206570,-37.594181,2023-01-05 16:05:00,Brasil,ALAGOAS,CANAPI,Caatinga
1615355326,00bc6a92-28b4-3b24-88b1-cc5ad8ebfcf8,-9.024120,-35.301449,2023-01-05 16:05:00,Brasil,ALAGOAS,MARAGOGI,Mata Atlântica
1615729756,4eb99a62-a2c4-36d5-b7ed-cdafe3f65844,-9.930060,-36.286800,2023-01-08 16:34:00,Brasil,ALAGOAS,TEOTÔNIO VILELA,Mata Atlântica
1615729922,4d4bdb25-1462-3dc4-828a-51c439aa567b,-9.918810,-36.288681,2023-01-08 16:34:00,Brasil,ALAGOAS,TEOTÔNIO VILELA,Mata Atlântica
1615832020,7331caf8-424f-3a27-b7ad-639bca723b2c,-8.925630,-35.883350,2023-01-09 15:39:00,Brasil,ALAGOAS,IBATEGUARA,Mata Atlântica
1615832021,33afbf5d-4417-3b05-a29e-d3f1aefb1e98,-8.928570,-35.890110,2023-01-09 15:39:00,Brasil,ALAGOAS,IBATEGUARA,Mata Atlântica
1615832022,5fce91ac-a1ff-31ab-9337-d59a23df75a1,-8.929110,-35.912289,2023-01-09 15:39:00,Brasil,ALAGOAS,IBATEGUARA,Mata Atlântica
1616984589,3ca60468-5edf-31d0-95b6-d82b37d5850b,-9.821370,-36.430031,2023-01-19 16:09:00,Brasil,ALAGOAS,JUNQUEIRO,Mata Atlântica
1617653502,91e62521-c5a3-3c0e-be51-52927c25f2c3,-10.046540,-36.382252,2023-01-26 16:11:00,Brasil,ALAGOAS,CORURIPE,Caatinga
1617653575,fcc11bc2-2e0d-370f-94e0-97e3dc83a84c,-8.877090,-35.487019,2023-01-26 16:11:00,Brasil,ALAGOAS,JACUÍPE,Mata Atlântica
1617653610,5cba09cc-8a53-3f3d-85aa-dbdf73986fea,-9.343680,-35.589111,2023-01-26 16:11:00,Brasil,ALAGOAS,SÃO LUÍS DO QUITUNDE,Mata Atlântica
1617653611,5c08b89e-7a70-3e78-b83b-f03e0fae146d,-9.344980,-35.598141,2023-01-26 16:11:00,Brasil,ALAGOAS,SÃO LUÍS DO QUITUNDE,Mata Atlântica
1617653612,13b4af14-8b81-3777-a9b4-4697ace9e82a,-9.615500,-35.816219,2023-01-26 16:11:00,Brasil,ALAGOAS,SANTA LUZIA DO NORTE,Mata Atlântica
1617653626,25285784-44e8-3673-86cc-8d81b39aa4ff,-10.045230,-36.373089,2023-01-26 16:11:00,Brasil,ALAGOAS,CORURIPE,Caatinga
1617867894,18289e57-c051-3e7b-a39f-342e3f2b9671,-10.063330,-36.815971,2023-01-28 15:58:00,Brasil,ALAGOAS,OLHO D'ÁGUA GRANDE,Caatinga
1617867895,ffd10a8e-3afe-377f-8e8d-8fc78ae086f0,-10.064380,-36.808868,2023-01-28 15:58:00,Brasil,ALAGOAS,OLHO D'ÁGUA GRANDE,Caatinga
1617867912,4164d2ca-4b6d-3789-850c-4e21092cd226,-9.784970,-36.869751,2023-01-28 15:58:00,Brasil,ALAGOAS,GIRAU DO PONCIANO,Caatinga
1617867913,6f682b70-7b54-3ad2-b7dc-e5756be5f267,-9.786960,-36.884430,2023-01-28 15:58:00,Brasil,ALAGOAS,GIRAU DO PONCIANO,Caatinga
1617868012,07dbe764-8917-3531-aedc-a6d467ce1849,-9.773910,-36.871281,2023-01-28 15:58:00,Brasil,ALAGOAS,GIRAU DO PONCIANO,Caatinga
1618083055,7c65f1c0-7219-3f2d-809a-ecab92c04e0b,-8.935330,-35.294498,2023-01-30 15:48:00,Brasil,ALAGOAS,MARAGOGI,Mata Atlântica
1618083056,af0b33d9-e97f-30d2-8e1a-50bed22895c1,-8.937850,-35.313202,2023-01-30 15:48:00,Brasil,ALAGOAS,MARAGOGI,Mata Atlântica
1618083057,87342352-e448-394c-bc0c-e6b7a5855fde,-8.939100,-35.306061,2023-01-30 15:48:00,Brasil,ALAGOAS,MARAGOGI,Mata Atlântica
1618427461,0f3aacf6-6c25-37be-ba78-ea16ca1e6991,-9.791890,-36.761490,2023-02-02 16:15:00,Brasil,ALAGOAS,GIRAU DO PONCIANO,Caatinga
1618720232,86a0ab15-86a7-3629-97d5-516c53339afa,-10.025780,-36.522461,2023-02-04 16:02:00,Brasil,ALAGOAS,SÃO SEBASTIÃO,Mata Atlântica
1618720251,d94b3040-9306-3bbd-8b23-f33f8741bbf8,-9.850680,-37.020210,2023-02-04 16:02:00,Brasil,ALAGOAS,TRAIPU,Caatinga
1619406154,5f5d700e-83d0-3327-80a3-24845cdba1f2,-10.031740,-36.233860,2023-02-09 16:17:00,Brasil,ALAGOAS,CORURIPE,Mata Atlântica
1619974009,31dc7ea3-96cd-358b-96de-1e0d3e6c712e,-8.916160,-35.653809,2023-02-13 15:52:00,Brasil,ALAGOAS,NOVO LINO,Mata Atlântica
1620869267,1847d936-a3ae-3595-8128-ef40e78d1dec,-8.991400,-35.989368,2023-02-19 16:49:00,Brasil,ALAGOAS,SÃO JOSÉ DA LAJE,Mata Atlântica
1621094171,9aa0bf56-6e91-3627-a79a-0338af2f8340,-9.491020,-36.643970,2023-02-21 16:34:00,Brasil,ALAGOAS,PALMEIRA DOS ÍNDIOS,Caatinga
1621385947,317b166e-fd80-3fe4-b35e-738d07b22e83,-10.147450,-36.295650,2023-02-23 16:22:00,Brasil,ALAGOAS,CORURIPE,Mata Atlântica
1621962275,159824f4-a79c-3681-9ead-2796bca48cea,-9.130740,-35.548779,2023-02-27 15:54:00,Brasil,ALAGOAS,MATRIZ DE CAMARAGIBE,Mata Atlântica
1621962285,635044a1-5e03-3b0d-81ae-6f211eb0966f,-9.132640,-35.562679,2023-02-27 15:54:00,Brasil,ALAGOAS,MATRIZ DE CAMARAGIBE,Mata Atlântica
1621962294,aa415a01-05b2-31de-908a-523f3cccdf14,-9.133120,-35.557640,2023-02-27 15:54:00,Brasil,ALAGOAS,MATRIZ DE CAMARAGIBE,Mata Atlântica
1622159795,f596d341-b05b-3c96-b09c-e4f027d33125,-10.030980,-36.901421,2023-03-02 16:24:00,Brasil,ALAGOAS,TRAIPU,Caatinga
1622439686,17dd1c59-0e62-3bfa-9fea-108a176eb6ae,-9.014990,-35.249809,2023-03-04 16:09:00,Brasil,ALAGOAS,MARAGOGI,Mata Atlântica
1622439689,9a3225d9-8627-3f83-a22e-f7ceb5c1564c,-9.048340,-35.290989,2023-03-04 16:09:00,Brasil,ALAGOAS,JAPARATINGA,Mata Atlântica
1622439690,f1687e1d-70dc-350d-9ffa-518de3942725,-9.227160,-36.092091,2023-03-04 16:09:00,Brasil,ALAGOAS,BRANQUINHA,Mata Atlântica
1622439692,8cfa9f6b-38a3-3476-9611-04fb43eee3f5,-9.228480,-36.101479,2023-03-04 16:09:00,Brasil,ALAGOAS,BRANQUINHA,Mata Atlântica
1622712325,ea906415-c63c-37f9-af2e-7e7df4142162,-9.356290,-37.055519,2023-03-06 15:56:00,Brasil,ALAGOAS,DOIS RIACHOS,Caatinga
1622823271,f705b7cc-5b9e-3a19-8d97-9c14bf2f9a3a,-9.921950,-36.511509,2023-03-07 16:39:00,Brasil,ALAGOAS,SÃO SEBASTIÃO,Mata Atlântica
1623020592,9104f79e-4197-394f-af58-c56b3a240624,-10.120550,-36.895180,2023-03-09 16:24:00,Brasil,ALAGOAS,SÃO BRÁS,Caatinga
1623205115,6ed34793-974d-3b5c-b919-cee87cb2e084,-9.579480,-36.894058,2023-03-11 16:11:00,Brasil,ALAGOAS,MAJOR ISIDORO,Caatinga
1623205117,bd9bde54-1650-3a1a-8c46-32adafcd4ebb,-9.630130,-36.145828,2023-03-11 16:11:00,Brasil,ALAGOAS,PILAR,Mata Atlântica
1623205285,330ce378-8e35-3482-98ef-17f7cfcf275a,-9.639200,-36.144520,2023-03-11 16:11:00,Brasil,ALAGOAS,BOCA DA MATA,Mata Atlântica
1623205288,c55d5f98-5070-3f19-b075-cc69970f9eb4,-9.640510,-36.153790,2023-03-11 16:11:00,Brasil,ALAGOAS,BOCA DA MATA,Mata Atlântica
1623381797,dfe1b9fe-330d-3afe-95e5-46e97ae397db,-9.427330,-36.888821,2023-03-13 15:58:00,Brasil,ALAGOAS,CACIMBINHAS,Caatinga
1623381798,7a12397a-f8ae-3af0-9492-0816104075d2,-9.850500,-36.012798,2023-03-13 15:56:00,Brasil,ALAGOAS,ROTEIRO,Mata Atlântica
1623381799,88d27267-fde8-3f5d-a191-a653cb3489ca,-9.851420,-36.007511,2023-03-13 15:56:00,Brasil,ALAGOAS,ROTEIRO,Mata Atlântica
1623996476,fad2cc1a-99fc-37ee-a1f9-eaeddda4a49f,-9.431130,-35.549252,2023-03-20 15:58:00,Brasil,ALAGOAS,PARIPUEIRA,Mata Atlântica
1623996491,3f346768-6390-32c3-92bf-e439c2d3e31a,-9.917840,-36.084431,2023-03-20 15:58:00,Brasil,ALAGOAS,JEQUIÁ DA PRAIA,Mata Atlântica
1623996591,18669589-6151-379c-9c46-59db25309b82,-9.220880,-35.429161,2023-03-20 15:58:00,Brasil,ALAGOAS,SÃO MIGUEL DOS MILAGRES,Mata Atlântica
1624298801,5a7db15f-6fa7-3454-a4a3-0eb334e1d89f,-9.855770,-36.661812,2023-03-23 16:26:00,Brasil,ALAGOAS,FEIRA GRANDE,Caatinga
1624433040,81374c47-dffd-3735-8f02-16dbb7e01cd7,-9.127610,-35.450161,2023-03-24 15:31:00,Brasil,ALAGOAS,PORTO DE PEDRAS,Mata Atlântica
1624575890,e8575be7-2b32-3fa7-be34-91588ae40b9c,-9.620820,-36.930969,2023-03-25 16:13:00,Brasil,ALAGOAS,JARAMATAIA,Caatinga
1624799501,5c7ce433-5ee4-3590-96e5-355ed4d0ceba,-9.056350,-36.126080,2023-03-27 16:01:00,Brasil,ALAGOAS,SÃO JOSÉ DA LAJE,Mata Atlântica
1624799761,62ab3120-0e5a-3195-9d7e-72245454b370,-9.807940,-37.211849,2023-03-27 16:01:00,Brasil,ALAGOAS,BELO MONTE,Caatinga
1624945869,913d889d-f409-3027-be3e-e7d2b49c717a,-9.693090,-37.472370,2023-03-28 16:41:00,Brasil,ALAGOAS,PÃO DE AÇÚCAR,Caatinga
1625617608,78caa0f9-814f-3d5d-8f9b-67d2ffa999e2,-9.130400,-35.357269,2023-04-03 16:01:00,Brasil,ALAGOAS,PORTO DE PEDRAS,Mata Atlântica
1626054355,28c520d0-1c6b-33bb-a425-2488ce6ecf31,-9.514520,-36.636169,2023-04-06 16:28:00,Brasil,ALAGOAS,IGACI,Caatinga
1626535029,746b5673-1382-318c-8573-c882f49ab715,-9.076200,-35.486969,2023-04-10 16:03:00,Brasil,ALAGOAS,PORTO DE PEDRAS,Mata Atlântica
1626535033,8fea8d30-b908-3707-98e6-fd25317b7ac3,-9.086170,-35.485451,2023-04-10 16:03:00,Brasil,ALAGOAS,PORTO DE PEDRAS,Mata Atlântica
1627105933,b66afa15-b0b1-36f0-90da-516b510af8d5,-9.954640,-36.913799,2023-04-15 16:16:00,Brasil,ALAGOAS,TRAIPU,Caatinga
1627105934,65536a71-c0db-33b7-b667-19304eeb531c,-9.953320,-36.904289,2023-04-15 16:16:00,Brasil,ALAGOAS,TRAIPU,Caatinga
1627398039,38553b7b-8b02-3138-b7ee-921fff01b070,-9.417090,-35.559299,2023-04-17 16:01:00,Brasil,ALAGOAS,PARIPUEIRA,Mata Atlântica
1627398103,ea4f4302-0b0f-36b9-b01b-68c404eee3c4,-9.418630,-35.570850,2023-04-17 16:01:00,Brasil,ALAGOAS,PARIPUEIRA,Mata Atlântica
1627398166,08211f45-ce30-31df-990c-7b536dcd3b16,-9.839070,-37.115398,2023-04-17 16:01:00,Brasil,ALAGOAS,BELO MONTE,Caatinga
1627398383,859dacdc-58f6-3e51-8659-d6fdf9680704,-10.107350,-36.897049,2023-04-17 16:01:00,Brasil,ALAGOAS,SÃO BRÁS,Caatinga
1627629611,81bd12a8-1a3b-3c93-a670-89d2a544ae43,-9.656420,-36.446388,2023-04-19 15:48:00,Brasil,ALAGOAS,TAQUARANA,Mata Atlântica
1627629615,fee5cb92-f9ed-3698-9942-d9d427d4be3a,-9.659470,-36.441010,2023-04-19 15:48:00,Brasil,ALAGOAS,TAQUARANA,Mata Atlântica
1627751636,146f2791-4cea-30d2-853f-1dda25c3c972,-10.000110,-36.947910,2023-04-20 16:30:00,Brasil,ALAGOAS,TRAIPU,Caatinga
1627751700,5bfea39e-6b20-35ba-8558-6abd180100c4,-10.122680,-36.862831,2023-04-20 16:30:00,Brasil,ALAGOAS,SÃO BRÁS,Caatinga
1627751775,98aaf91a-f564-33b3-8e2b-f1bbd3f3a832,-10.160960,-36.792412,2023-04-20 16:30:00,Brasil,ALAGOAS,PORTO REAL DO COLÉGIO,Caatinga
1627939325,f20da3d5-b31d-3d77-a5b3-454f70b3f948,-10.051470,-36.728352,2023-04-22 16:18:00,Brasil,ALAGOAS,OLHO D'ÁGUA GRANDE,Caatinga
1627939787,75c8cadf-61f4-341f-819d-690e5923c06e,-10.050160,-36.719101,2023-04-22 16:18:00,Brasil,ALAGOAS,OLHO D'ÁGUA GRANDE,Mata Atlântica
1627939857,66210f6e-16eb-3a9c-891a-83111bc883bb,-8.977880,-35.287331,2023-04-22 16:18:00,Brasil,ALAGOAS,MARAGOGI,Mata Atlântica
1627939981,ce297148-16b6-3fa8-a712-f5bf4c56ac28,-9.235320,-36.043930,2023-04-22 16:18:00,Brasil,ALAGOAS,BRANQUINHA,Mata Atlântica
1627940054,20b32ab1-3f39-36b3-9c7d-5e6a4dee138e,-9.360180,-35.948792,2023-04-22 16:18:00,Brasil,ALAGOAS,MURICI,Mata Atlântica
1627940112,7b7fc5f7-b507-39cb-9d6a-8c55bd64c5e7,-9.448040,-36.954250,2023-04-22 16:18:00,Brasil,ALAGOAS,CACIMBINHAS,Caatinga
1627940115,c0a8153d-d891-319c-9929-3ddaa64db804,-9.457100,-36.952911,2023-04-22 16:18:00,Brasil,ALAGOAS,CACIMBINHAS,Caatinga
1627940120,112c59a3-b347-308a-8d09-12b456f799ed,-9.683220,-37.448551,2023-04-22 16:18:00,Brasil,ALAGOAS,PÃO DE AÇÚCAR,Caatinga
1627940125,31d137e8-840e-36d0-a676-ee71894d99f1,-9.684580,-37.458241,2023-04-22 16:18:00,Brasil,ALAGOAS,PÃO DE AÇÚCAR,Caatinga
1628331947,a86ccbc4-6e45-3314-90af-7a4d4ef8e42e,-9.263510,-37.184132,2023-04-27 16:30:00,Brasil,ALAGOAS,POÇO DAS TRINCHEIRAS,Caatinga
1628519193,0012e313-317b-3ea6-9331-7235dace8675,-9.994620,-36.944569,2023-04-29 16:18:00,Brasil,ALAGOAS,TRAIPU,Caatinga
1628951750,8057544b-a7b4-3d63-a80e-fcfdc46abc0e,-9.786230,-36.227242,2023-05-04 16:30:00,Brasil,ALAGOAS,CAMPO ALEGRE,Mata Atlântica
1629496106,eb13f29d-3572-3e3a-bb9f-d1ad4449fcb2,-9.375130,-35.784050,2023-05-08 16:03:00,Brasil,ALAGOAS,MESSIAS,Mata Atlântica
1629822991,404dc188-f49c-3e4b-ac4a-f35bf4192b57,-9.330780,-37.217442,2023-05-11 16:30:00,Brasil,ALAGOAS,SANTANA DO IPANEMA,Caatinga
1631787761,627ecb76-d640-38ab-8771-756713423a13,-9.661950,-35.743080,2023-05-30 16:43:00,Brasil,ALAGOAS,MACEIÓ,Mata Atlântica
1632954923,bda4effc-5291-35b2-871f-03df0e929614,-9.299810,-35.531609,2023-06-10 16:13:00,Brasil,ALAGOAS,SÃO LUÍS DO QUITUNDE,Mata Atlântica
1638112934,7bf0a271-5695-379a-be6f-60cd725a72ca,-8.942320,-35.512039,2023-07-15 16:09:00,Brasil,ALAGOAS,CAMPESTRE,Mata Atlântica
1638112938,36a5405c-1415-351b-ae39-1b479b383ff4,-9.191710,-35.601028,2023-07-15 16:09:00,Brasil,ALAGOAS,SÃO LUÍS DO QUITUNDE,Mata Atlântica
1638112939,86cbe6c5-6e7a-3558-9dc6-9b0d8bf098ba,-9.574560,-36.456612,2023-07-15 16:09:00,Brasil,ALAGOAS,TANQUE D'ARCA,Mata Atlântica
1640473502,082d4a69-c4f7-3ea3-a98b-b0b330ec28ec,-9.824240,-37.250591,2023-07-29 16:07:00,Brasil,ALAGOAS,BELO MONTE,Caatinga
1653902899,28a14e2d-a05c-392b-ac42-c399eecee8ac,-10.208850,-36.266159,2023-10-01 16:33:00,Brasil,ALAGOAS,CORURIPE,Mata Atlântica
1654220682,73addd57-2944-3347-8cde-b3dd449e9656,-9.316190,-35.636299,2023-10-03 16:20:00,Brasil,ALAGOAS,SÃO LUÍS DO QUITUNDE,Mata Atlântica
1654220683,136edb4a-dc0a-3c34-b19e-99ade0c21216,-9.314870,-35.626999,2023-10-03 16:20:00,Brasil,ALAGOAS,SÃO LUÍS DO QUITUNDE,Mata Atlântica
1654220684,72f0f559-7b45-3cae-af19-c9a125a70955,-9.307120,-35.637600,2023-10-03 16:20:00,Brasil,ALAGOAS,SÃO LUÍS DO QUITUNDE,Mata Atlântica
1654220839,c49d9ec3-ff61-3de3-b925-5cc08a4bc0e4,-9.814500,-37.055679,2023-10-03 16:18:00,Brasil,ALAGOAS,BELO MONTE,Caatinga
1654576065,51f817aa-cda1-3fc5-8f39-0597fe31e607,-10.033910,-36.271961,2023-10-05 16:05:00,Brasil,ALAGOAS,CORURIPE,Mata Atlântica
1654576066,3ae75218-4196-3a2e-9ad7-a7be756a4094,-10.031590,-36.254681,2023-10-05 16:05:00,Brasil,ALAGOAS,CORURIPE,Mata Atlântica
1654576067,59e0bdaf-733a-3d6a-b15a-79cd14fc4dc3,-10.026740,-36.265751,2023-10-05 16:05:00,Brasil,ALAGOAS,CORURIPE,Mata Atlântica
1654576068,2027d2f2-a30d-3f92-b0a1-ce4fd2639ac3,-10.024570,-36.248539,2023-10-05 16:05:00,Brasil,ALAGOAS,CORURIPE,Mata Atlântica
1654576069,03f745ae-d693-32a3-851e-f78dfc1cb040,-10.021820,-36.273479,2023-10-05 16:05:00,Brasil,ALAGOAS,CORURIPE,Mata Atlântica
1654576070,175fcb52-123c-3320-8260-284cf07c066a,-10.019520,-36.256210,2023-10-05 16:05:00,Brasil,ALAGOAS,CORURIPE,Mata Atlântica
1656318813,fbaceab0-a30a-3f21-aad8-8f1088819f5a,-9.937500,-36.538712,2023-10-15 16:26:00,Brasil,ALAGOAS,SÃO SEBASTIÃO,Mata Atlântica
1656318814,fa58e976-01ce-3163-857a-392968e5b0b3,-9.885380,-36.378448,2023-10-15 16:26:00,Brasil,ALAGOAS,TEOTÔNIO VILELA,Mata Atlântica
1656318833,68e7e9ff-4014-315c-ac58-a347ba9b7c4f,-8.993370,-35.507332,2023-10-15 16:26:00,Brasil,ALAGOAS,PORTO CALVO,Mata Atlântica
1656478175,da2e627d-86f9-36bb-b269-6ce93eb8fdce,-9.380740,-37.882000,2023-10-16 17:09:00,Brasil,ALAGOAS,ÁGUA BRANCA,Caatinga
1656631094,cd6d6545-b29d-3089-b2ef-c6bced87dce3,-10.264900,-36.341869,2023-10-17 16:11:00,Brasil,ALAGOAS,FELIZ DESERTO,Mata Atlântica
1656631095,0bb481e9-6e18-3261-a3a3-3e4d2a892f53,-10.261520,-36.335869,2023-10-17 16:11:00,Brasil,ALAGOAS,FELIZ DESERTO,Mata Atlântica
1656631096,4caa2dfd-1608-3e6d-b533-84c4857b68ed,-10.254550,-36.343281,2023-10-17 16:11:00,Brasil,ALAGOAS,FELIZ DESERTO,Mata Atlântica
1656631097,10742cb1-f686-3a32-ba62-77f29bca344a,-10.177850,-36.241840,2023-10-17 16:11:00,Brasil,ALAGOAS,CORURIPE,Mata Atlântica
1657441139,658fee05-25ff-3248-aa09-8946727812c4,-9.915760,-36.150028,2023-10-22 16:24:00,Brasil,ALAGOAS,JEQUIÁ DA PRAIA,Mata Atlântica
1648277778,09ddb0fa-1996-3434-93aa-1e8a060d4575,-9.894190,-36.189770,2023-09-03 16:41:00,Brasil,ALAGOAS,CAMPO ALEGRE,Mata Atlântica
1648277779,2ebfc7fd-a909-3703-a5d2-93e2df3ad832,-9.891920,-36.175671,2023-09-03 16:41:00,Brasil,ALAGOAS,JEQUIÁ DA PRAIA,Mata Atlântica
1647730128,1b2629fd-da8f-3ae1-afbe-c031c3677921,-9.087280,-36.085720,2023-08-31 16:13:00,Brasil,ALAGOAS,UNIÃO DOS PALMARES,Mata Atlântica
1648689686,eed4981b-2dd2-37ef-8978-2d5734039172,-9.305740,-35.509460,2023-09-05 16:26:00,Brasil,ALAGOAS,PASSO DE CAMARAGIBE,Mata Atlântica
1648689687,faf97268-24a0-3730-8e47-dd186435fd53,-9.295110,-35.501282,2023-09-05 16:26:00,Brasil,ALAGOAS,PASSO DE CAMARAGIBE,Mata Atlântica
1650226152,bd3ca3b0-b638-34a9-a475-5034193d0b8d,-9.349840,-35.505630,2023-09-12 16:24:00,Brasil,ALAGOAS,BARRA DE SANTO ANTÔNIO,Mata Atlântica
1650226153,f06b5f0a-7365-3b55-b47c-419dc9632bcf,-9.340800,-35.507000,2023-09-12 16:24:00,Brasil,ALAGOAS,BARRA DE SANTO ANTÔNIO,Mata Atlântica
1652767805,c3f69f3a-c80a-3651-92f3-06a8002ef2c0,-9.667300,-35.945339,2023-09-24 16:35:00,Brasil,ALAGOAS,MARECHAL DEODORO,Mata Atlântica
1652767806,93dd1ee7-9220-3f05-b2ff-92154e2793c6,-9.657440,-35.946892,2023-09-24 16:35:00,Brasil,ALAGOAS,MARECHAL DEODORO,Mata Atlântica
1653149424,557b330b-2014-3488-b6fb-26cb3c86b423,-9.742540,-36.518330,2023-09-26 16:20:00,Brasil,ALAGOAS,LIMOEIRO DE ANADIA,Mata Atlântica
1653342017,c521ba2f-7289-3dd7-ac24-3a1f9f6dc275,-9.249030,-38.127468,2023-09-27 17:02:00,Brasil,ALAGOAS,PARICONHA,Caatinga
1646315683,4606fe6e-2820-3b2d-a9d7-5352219a3435,-9.465680,-35.898350,2023-08-24 16:18:00,Brasil,ALAGOAS,RIO LARGO,Mata Atlântica
1646315684,963a5752-80b3-32d7-b4fe-b51e79d0cda8,-9.456530,-35.899670,2023-08-24 16:18:00,Brasil,ALAGOAS,RIO LARGO,Mata Atlântica
1646315688,0d29be23-6cdb-3845-9d02-6ca47339826c,-9.028440,-35.277489,2023-08-24 16:18:00,Brasil,ALAGOAS,MARAGOGI,Mata Atlântica
1646315689,4cf7cd7d-9fb6-3e30-a8f3-cf372957ccc0,-9.027140,-35.268398,2023-08-24 16:18:00,Brasil,ALAGOAS,MARAGOGI,Mata Atlântica
1646315829,155abef3-c9a2-3dff-8326-46572f1ebb3e,-10.250700,-36.577110,2023-08-24 16:18:00,Brasil,ALAGOAS,PENEDO,Mata Atlântica
1646315830,3f0aadeb-6053-331c-b483-b78f7895441b,-10.242630,-36.588779,2023-08-24 16:18:00,Brasil,ALAGOAS,PENEDO,Mata Atlântica
1646315831,2cf4e7fe-7b0c-3247-9b42-cc284e25ee34,-10.241200,-36.578449,2023-08-24 16:18:00,Brasil,ALAGOAS,PENEDO,Mata Atlântica
1637692857,96bec2a8-6860-30b9-81e7-04d42b7ba984,-9.430880,-35.902538,2023-07-13 16:24:00,Brasil,ALAGOAS,RIO LARGO,Mata Atlântica
1637692862,c0153aef-458c-329a-bbfb-c615d192d8da,-9.432250,-35.911900,2023-07-13 16:24:00,Brasil,ALAGOAS,RIO LARGO,Mata Atlântica
1625403656,32329e1f-651a-3c2b-9842-23c258f1caa0,-10.030300,-36.542049,2023-04-01 16:13:00,Brasil,ALAGOAS,SÃO SEBASTIÃO,Mata Atlântica
1625403630,12f58181-9274-3461-b460-6b96410d334d,-10.237730,-36.708401,2023-04-01 16:13:00,Brasil,ALAGOAS,IGREJA NOVA,Mata Atlântica
1625403952,308348fe-6e88-3362-a025-4bc6f1c7149e,-10.207480,-36.747139,2023-04-01 16:13:00,Brasil,ALAGOAS,PORTO REAL DO COLÉGIO,Mata Atlântica
1625192174,e0ef2069-d37b-3c62-bf8f-6cf5897a3f17,-9.039020,-36.007301,2023-03-30 16:28:00,Brasil,ALAGOAS,SÃO JOSÉ DA LAJE,Mata Atlântica
1625192176,d5c4a11e-27a3-3a01-982e-c0e387202cdc,-9.040810,-36.018879,2023-03-30 16:28:00,Brasil,ALAGOAS,SÃO JOSÉ DA LAJE,Mata Atlântica
1620416872,c40ed64e-53d7-373c-aed2-729b9ec156fb,-9.117570,-37.740299,2023-02-16 16:20:00,Brasil,ALAGOAS,MATA GRANDE,Caatinga
1620416873,b6386f2b-aec4-39c9-b5fb-779559b9dc6b,-9.643350,-35.851681,2023-02-16 16:20:00,Brasil,ALAGOAS,COQUEIRO SECO,Mata Atlântica
1620416875,fdb16991-f7ec-3e7e-aded-8bad02650604,-9.644780,-35.861290,2023-02-16 16:20:00,Brasil,ALAGOAS,COQUEIRO SECO,Mata Atlântica
1620416876,dc21ede1-e041-3016-b73f-5dad00c762a7,-9.652570,-35.850281,2023-02-16 16:20:00,Brasil,ALAGOAS,COQUEIRO SECO,Mata Atlântica
1658441088,c6c202fb-8220-3249-939e-69f0b7e6d5dd,-9.785130,-35.933529,2023-10-27 16:35:00,Brasil,ALAGOAS,MARECHAL DEODORO,Mata Atlântica
1658441089,cb5346dd-c1a6-39fe-9b4b-ab5c3b6f15ac,-9.783510,-35.922821,2023-10-27 16:35:00,Brasil,ALAGOAS,MARECHAL DEODORO,Mata Atlântica
1659405814,ce325df3-994a-354e-9c78-20166067667b,-9.297840,-35.564560,2023-11-03 16:33:00,Brasil,ALAGOAS,SÃO LUÍS DO QUITUNDE,Mata Atlântica
1659405828,7f16ba72-5dd2-3c3a-8e3e-ac50f8dd1424,-9.620810,-36.685329,2023-11-03 16:33:00,Brasil,ALAGOAS,CRAÍBAS,Caatinga
1659671076,7f87df85-0d7d-3c0d-a553-36ab62c1f32f,-10.111260,-36.225121,2023-11-05 16:17:00,Brasil,ALAGOAS,CORURIPE,Mata Atlântica
1659671077,49902845-c226-3bed-8181-81f9ffab25df,-10.109800,-36.214649,2023-11-05 16:17:00,Brasil,ALAGOAS,CORURIPE,Mata Atlântica
1658239630,07f6ce5c-6685-364e-865f-e415ef4851ff,-10.290970,-36.360020,2023-10-26 15:54:00,Brasil,ALAGOAS,FELIZ DESERTO,Mata Atlântica
1658239631,a0d44182-8669-35cf-95e7-63fcab693940,-10.289560,-36.355721,2023-10-26 15:54:00,Brasil,ALAGOAS,FELIZ DESERTO,Mata Atlântica
1658239632,2165b596-87bd-3f5c-bd1a-fea832387ff8,-10.287360,-36.331860,2023-10-26 15:54:00,Brasil,ALAGOAS,FELIZ DESERTO,Mata Atlântica
1658239633,9187acf0-baf5-3d2d-8fc1-feb55e265088,-10.286160,-36.327530,2023-10-26 15:54:00,Brasil,ALAGOAS,FELIZ DESERTO,Mata Atlântica
1658239634,fd56b5b2-a558-379c-83d5-eb472474a3cb,-10.184450,-36.232410,2023-10-26 15:54:00,Brasil,ALAGOAS,CORURIPE,Mata Atlântica
1658239635,ea876c18-0847-3228-b29a-9b24aa0cdae5,-10.181160,-36.205280,2023-10-26 15:54:00,Brasil,ALAGOAS,CORURIPE,Mata Atlântica
1658239636,507952cb-6129-3b85-b939-3e14e4d489c3,-10.180580,-36.212601,2023-10-26 15:54:00,Brasil,ALAGOAS,CORURIPE,Mata Atlântica
1658239637,b433dd23-8e41-3c1e-b4a7-ab60d151f657,-10.166400,-36.207069,2023-10-26 15:54:00,Brasil,ALAGOAS,CORURIPE,Mata Atlântica
1660357121,4fe999c2-ec1a-3db9-858a-f5f3820cc05d,-9.956950,-36.385948,2023-11-10 16:28:00,Brasil,ALAGOAS,TEOTÔNIO VILELA,Mata Atlântica
1660357122,54f3c853-3c46-3d31-90a3-5eca28a8194e,-9.955640,-36.376949,2023-11-10 16:28:00,Brasil,ALAGOAS,TEOTÔNIO VILELA,Mata Atlântica
1660357123,bb0dae97-3710-33de-b3e1-26dd05317f7d,-9.949350,-36.396301,2023-11-10 16:28:00,Brasil,ALAGOAS,TEOTÔNIO VILELA,Mata Atlântica
1660357124,b774a309-1732-37a3-a337-3c41ae594652,-9.948040,-36.387299,2023-11-10 16:28:00,Brasil,ALAGOAS,TEOTÔNIO VILELA,Mata Atlântica
1660357125,08123417-76a3-3e0e-8bf4-46005ff0dda9,-9.874540,-36.331459,2023-11-10 16:28:00,Brasil,ALAGOAS,JUNQUEIRO,Mata Atlântica
1660357126,ceb37347-3c44-3d64-96cc-9ec408399537,-9.865620,-36.332802,2023-11-10 16:28:00,Brasil,ALAGOAS,JUNQUEIRO,Mata Atlântica
1660357127,236a43be-4a1b-3e6a-85e6-fecf0052a26d,-9.864310,-36.323799,2023-11-10 16:28:00,Brasil,ALAGOAS,CAMPO ALEGRE,Mata Atlântica
1660357138,6b591ebc-1b39-345c-af5f-1dbbce3a91e3,-8.982270,-35.213558,2023-11-10 16:28:00,Brasil,ALAGOAS,MARAGOGI,Mata Atlântica
1660357139,2a73a32f-e5ce-3590-ac4c-103c11ffe13e,-8.931940,-35.191830,2023-11-10 16:28:00,Brasil,ALAGOAS,MARAGOGI,Mata Atlântica
1660357140,55e7b19c-0742-3d04-8b69-cdccf77d8784,-8.885890,-35.244141,2023-11-10 16:28:00,Brasil,ALAGOAS,MARAGOGI,Mata Atlântica
1660637093,f095c5b0-11d1-3d6d-8bfa-6df4b4ddcffc,-9.035070,-35.434952,2023-11-12 16:13:00,Brasil,ALAGOAS,PORTO CALVO,Mata Atlântica
1660637094,9729ac63-a568-3914-88b6-82cfaeb81b32,-9.044670,-35.433640,2023-11-12 16:13:00,Brasil,ALAGOAS,PORTO CALVO,Mata Atlântica
1660637097,38973708-b10b-3197-9252-3e8d9068e7a1,-9.605650,-36.110008,2023-11-12 16:13:00,Brasil,ALAGOAS,PILAR,Mata Atlântica
1660101704,2f7504d6-79cb-31a8-a351-f24399d702a2,-10.105500,-36.794910,2023-11-08 16:43:00,Brasil,ALAGOAS,SÃO BRÁS,Caatinga
1661152953,364caf80-d68b-30e2-adea-c852e9ffce99,-9.871540,-36.304169,2023-11-15 16:39:00,Brasil,ALAGOAS,CAMPO ALEGRE,Mata Atlântica
1661152954,c6a038d3-9129-3c49-8d52-1b95e0fc4c35,-9.869800,-36.292740,2023-11-15 16:39:00,Brasil,ALAGOAS,CAMPO ALEGRE,Mata Atlântica
1661802402,1805b57f-20ca-3219-847d-2e28d441a424,-9.591000,-36.754002,2023-11-19 16:09:00,Brasil,ALAGOAS,CRAÍBAS,Caatinga
1662238585,bece5581-de77-3434-a822-5c4e76b668b8,-10.139500,-36.333839,2023-11-24 16:22:00,Brasil,ALAGOAS,CORURIPE,Mata Atlântica
1662238640,f7b15a79-8443-3b18-9eac-3d12f49cb4c1,-9.830330,-36.962051,2023-11-24 16:22:00,Brasil,ALAGOAS,TRAIPU,Caatinga
1662238641,56d6a3c3-7ad4-3c64-990c-bed3e38c1920,-9.276550,-35.952961,2023-11-24 16:22:00,Brasil,ALAGOAS,MURICI,Mata Atlântica
1662238643,17e6f384-d828-3ff6-a2d0-f0e104c88d41,-9.030230,-35.263309,2023-11-24 16:22:00,Brasil,ALAGOAS,MARAGOGI,Mata Atlântica
1662378804,1b8992af-83ca-38f2-921c-f881ff3ce2cb,-9.546340,-36.088120,2023-11-26 16:07:00,Brasil,ALAGOAS,ATALAIA,Mata Atlântica
1662378805,9a0e5069-ebc4-32cf-98a0-20f1d0e225e2,-9.544250,-36.072029,2023-11-26 16:07:00,Brasil,ALAGOAS,ATALAIA,Mata Atlântica
1662378806,61e00f4c-7cbb-3926-8f84-68725a1cbd80,-9.209880,-36.041111,2023-11-26 16:07:00,Brasil,ALAGOAS,BRANQUINHA,Mata Atlântica
1662378807,373fa01a-9974-3c6b-a7c2-a7663a1bf711,-9.043030,-35.300900,2023-11-26 16:07:00,Brasil,ALAGOAS,JAPARATINGA,Mata Atlântica
1662603258,95611083-7fa2-349c-8f29-4e40aba10438,-9.886270,-36.328079,2023-11-29 16:32:00,Brasil,ALAGOAS,TEOTÔNIO VILELA,Mata Atlântica
1662603259,c9f5c67e-5085-3adb-9aa4-aa4d6cfb44c7,-9.877280,-36.329460,2023-11-29 16:32:00,Brasil,ALAGOAS,JUNQUEIRO,Mata Atlântica
1662603260,f3af8424-d98c-3c66-b2fd-0da19373adfb,-9.830160,-36.068310,2023-11-29 16:32:00,Brasil,ALAGOAS,SÃO MIGUEL DOS CAMPOS,Mata Atlântica
1662603261,1722e503-2fba-3aa8-b8cc-f20556ce0821,-9.828790,-36.058979,2023-11-29 16:32:00,Brasil,ALAGOAS,SÃO MIGUEL DOS CAMPOS,Mata Atlântica
1662603262,ebde77b2-8c37-3928-847a-5ad8594fe85f,-9.821110,-36.069698,2023-11-29 16:32:00,Brasil,ALAGOAS,SÃO MIGUEL DOS CAMPOS,Mata Atlântica
1662603263,d8d10545-5b22-3157-980c-399952be0dc3,-9.819740,-36.060379,2023-11-29 16:32:00,Brasil,ALAGOAS,SÃO MIGUEL DOS CAMPOS,Mata Atlântica
1662603264,04e73475-f5c7-3857-b86e-7f90308ec9a4,-9.541980,-36.930161,2023-11-29 16:32:00,Brasil,ALAGOAS,MAJOR ISIDORO,Caatinga
1662603272,aa29f460-4f7f-3912-a472-235ccff834db,-9.183540,-35.562031,2023-11-29 16:32:00,Brasil,ALAGOAS,PASSO DE CAMARAGIBE,Mata Atlântica
1662603275,02b4b760-09a7-36b9-8b78-59a6d1775075,-9.065350,-37.707241,2023-11-29 16:32:00,Brasil,ALAGOAS,MATA GRANDE,Caatinga
1662777470,26ab7987-3ab7-3b25-8476-d171526109ff,-9.530730,-36.171532,2023-12-01 16:17:00,Brasil,ALAGOAS,ATALAIA,Mata Atlântica
1662777471,0b1bfa31-050b-34ee-aa4d-a9ed669157f4,-9.529260,-36.160690,2023-12-01 16:17:00,Brasil,ALAGOAS,ATALAIA,Mata Atlântica
1662777472,b73d5cf9-e4ec-3a58-815d-3db3792a4819,-9.527970,-36.166451,2023-12-01 16:17:00,Brasil,ALAGOAS,ATALAIA,Mata Atlântica
1662777474,a5248f01-98ad-31f4-a8da-03ba827241a6,-8.968690,-35.281509,2023-12-01 16:17:00,Brasil,ALAGOAS,MARAGOGI,Mata Atlântica
1663229906,2de6ea33-02a7-38ca-b42d-666b40680d50,-9.195540,-35.565128,2023-12-06 16:26:00,Brasil,ALAGOAS,PASSO DE CAMARAGIBE,Mata Atlântica
1663229907,8daa79f9-1608-3e0c-9b9a-19167e145b09,-9.194210,-35.556080,2023-12-06 16:26:00,Brasil,ALAGOAS,PASSO DE CAMARAGIBE,Mata Atlântica
1663229910,8413eb23-fdb5-31bf-ab1e-c8565368d8e8,-8.930420,-35.961330,2023-12-06 16:28:00,Brasil,ALAGOAS,IBATEGUARA,Mata Atlântica
1663229911,3a505dcc-5601-3400-9628-c29065e30c97,-8.929110,-35.952358,2023-12-06 16:28:00,Brasil,ALAGOAS,IBATEGUARA,Mata Atlântica
1663229912,1cba7d09-f930-3944-b63f-d5e954bbfc6c,-8.921520,-35.962669,2023-12-06 16:28:00,Brasil,ALAGOAS,IBATEGUARA,Mata Atlântica
1663464149,7f8d9393-db08-3f11-ba43-52490cbaa65e,-9.203030,-35.607128,2023-12-08 16:11:00,Brasil,ALAGOAS,SÃO LUÍS DO QUITUNDE,Mata Atlântica
1663464150,b0965607-405f-36a3-a251-20c2bb3ab2ce,-9.201420,-35.595440,2023-12-08 16:11:00,Brasil,ALAGOAS,SÃO LUÍS DO QUITUNDE,Mata Atlântica
1663580447,7214384e-f6f5-3b03-9401-e8e74ea4d900,-9.671860,-36.040359,2023-12-09 16:54:00,Brasil,ALAGOAS,SÃO MIGUEL DOS CAMPOS,Mata Atlântica
1663681236,8c5e237d-7624-30af-a22e-defec395e363,-9.825630,-36.375751,2023-12-10 15:56:00,Brasil,ALAGOAS,JUNQUEIRO,Mata Atlântica
1663681237,b4090cb0-0588-30cc-955b-bf9e6ac876f4,-9.822330,-36.349049,2023-12-10 15:56:00,Brasil,ALAGOAS,CAMPO ALEGRE,Mata Atlântica
1663681238,7212cc13-303f-3834-8781-7bd6c4988910,-8.888670,-35.448582,2023-12-10 15:56:00,Brasil,ALAGOAS,JACUÍPE,Mata Atlântica
1663772809,65a35301-4324-31a6-97bd-4b48d87dd666,-8.939770,-35.897381,2023-12-11 16:39:00,Brasil,ALAGOAS,IBATEGUARA,Mata Atlântica
1664005113,5a786f6a-5c3d-3e9c-8b16-ec667f97aca4,-9.253870,-36.038681,2023-12-13 16:24:00,Brasil,ALAGOAS,BRANQUINHA,Mata Atlântica
1664005114,baebaef6-2362-3921-ab4a-c491be993e75,-9.252560,-36.029442,2023-12-13 16:24:00,Brasil,ALAGOAS,BRANQUINHA,Mata Atlântica
1664005116,9b7a6fc1-f352-3567-9a7f-d11c6b77018a,-9.135470,-35.856030,2023-12-13 16:24:00,Brasil,ALAGOAS,JOAQUIM GOMES,Mata Atlântica
1664005117,c423e854-e011-3339-a075-c138ab60bff8,-9.134170,-35.846909,2023-12-13 16:24:00,Brasil,ALAGOAS,JOAQUIM GOMES,Mata Atlântica
1665077482,ef103f3f-4fe7-3d1e-a123-b41870ddfa54,-9.427440,-35.995449,2023-12-23 16:45:00,Brasil,ALAGOAS,ATALAIA,Mata Atlântica
1665292702,0f03f300-e231-3d6d-b44f-6ba14b5f00b0,-9.419900,-36.980518,2023-12-25 16:28:00,Brasil,ALAGOAS,CACIMBINHAS,Caatinga
1665292703,c85622a8-9d71-314b-bacc-403abf6e3f4f,-9.060660,-37.365139,2023-12-25 16:30:00,Brasil,ALAGOAS,OURO BRANCO,Caatinga
1665514154,23a295c2-4738-3f7a-8267-6d870ea7d53b,-9.202420,-37.267780,2023-12-27 16:13:00,Brasil,ALAGOAS,MARAVILHA,Caatinga
1665514179,2b7189c0-65ee-3ca7-96f5-ddd1eae0c481,-9.813340,-36.955841,2023-12-27 16:13:00,Brasil,ALAGOAS,TRAIPU,Caatinga
1665514180,fd9cf0c2-6e2f-35a6-b6f3-f1706a67627c,-9.813130,-36.950569,2023-12-27 16:13:00,Brasil,ALAGOAS,TRAIPU,Caatinga
1665514181,37eb401d-115a-3812-88a0-256554548d37,-9.761590,-36.992550,2023-12-27 16:13:00,Brasil,ALAGOAS,TRAIPU,Caatinga
1665760192,bf7963f9-d1a5-3c55-97c0-81fe512a347e,-9.998970,-36.404598,2023-12-29 15:58:00,Brasil,ALAGOAS,TEOTÔNIO VILELA,Mata Atlântica
1665760193,9d5dcd1d-1938-3635-bdc0-6ff68f302cca,-9.605300,-36.897099,2023-12-29 15:58:00,Brasil,ALAGOAS,JARAMATAIA,Caatinga
1665760194,952e424a-3835-3a6e-ab60-2aad0868546e,-9.603080,-36.875080,2023-12-29 15:58:00,Brasil,ALAGOAS,CRAÍBAS,Caatinga
1665760195,b4349c7b-307e-3c8c-a7e2-64bcd28c9b19,-9.601900,-36.868359,2023-12-29 15:58:00,Brasil,ALAGOAS,CRAÍBAS,Caatinga
1665760196,742604db-5cba-389d-9ff8-f573e7e104c0,-9.389420,-36.485870,2023-12-29 15:58:00,Brasil,ALAGOAS,QUEBRANGULO,Caatinga
1665760197,e9bda9b4-e10c-35ae-b7ad-549e07a8f444,-9.387540,-36.493111,2023-12-29 15:58:00,Brasil,ALAGOAS,QUEBRANGULO,Caatinga
1665760198,319b000c-ff45-37b8-ad93-e18b311f7032,-9.384120,-36.466591,2023-12-29 15:58:00,Brasil,ALAGOAS,QUEBRANGULO,Mata Atlântica
1665760199,2cd0773f-92e4-3e82-a481-e8f8aa9cc076,-9.374920,-36.488129,2023-12-29 15:58:00,Brasil,ALAGOAS,QUEBRANGULO,Caatinga
1665760200,12301ee8-ae6f-3310-87a6-af4ccd6d0cae,-9.006760,-35.278240,2023-12-29 15:58:00,Brasil,ALAGOAS,MARAGOGI,Mata Atlântica
1665902366,f9787eb1-64c6-31c1-8d3c-d4652efaa4e2,-9.871370,-36.047161,2023-12-30 16:39:00,Brasil,ALAGOAS,JEQUIÁ DA PRAIA,Mata Atlântica
1665902367,88d58d58-dd34-3c49-b7e3-6ea3ac18bbf4,-9.776190,-36.891022,2023-12-30 16:39:00,Brasil,ALAGOAS,GIRAU DO PONCIANO,Caatinga
1667228453,0fc77d2c-5edd-3ef7-b195-6bdb0d4c2cb9,-10.085050,-36.150650,2024-01-10 16:05:00,Brasil,ALAGOAS,CORURIPE,Mata Atlântica
1667931787,df39828b-6841-3f3b-8e74-5d2d64cff748,-9.780450,-35.906311,2024-01-15 16:15:00,Brasil,ALAGOAS,MARECHAL DEODORO,Mata Atlântica
1667931790,79a5a666-f6ed-3acd-b2dd-b6c27eacc46c,-9.080450,-35.640129,2024-01-15 16:15:00,Brasil,ALAGOAS,MATRIZ DE CAMARAGIBE,Mata Atlântica
1668094125,d2695b39-bde2-3d5f-b253-765868c9ab41,-9.270090,-37.179241,2024-01-16 16:56:00,Brasil,ALAGOAS,POÇO DAS TRINCHEIRAS,Caatinga
1668383539,09465580-c416-3ffb-bbd7-accd433a3c13,-9.716410,-36.184269,2024-01-18 16:39:00,Brasil,ALAGOAS,BOCA DA MATA,Mata Atlântica
1668690325,79da0cdc-8f28-3946-861d-17c8793357f4,-9.615230,-35.809738,2024-01-20 16:24:00,Brasil,ALAGOAS,COQUEIRO SECO,Mata Atlântica
1668834361,824df9b2-182d-33a6-b8ec-f3f59916e0f7,-9.786650,-36.163960,2024-01-21 17:06:00,Brasil,ALAGOAS,SÃO MIGUEL DOS CAMPOS,Mata Atlântica
1668834362,f1b3fc07-90be-3247-8973-86a35409981d,-9.782530,-36.156670,2024-01-21 17:06:00,Brasil,ALAGOAS,SÃO MIGUEL DOS CAMPOS,Mata Atlântica
1668834363,417160ea-b793-3614-8e83-93f4a884a202,-9.781250,-36.132221,2024-01-21 17:06:00,Brasil,ALAGOAS,SÃO MIGUEL DOS CAMPOS,Mata Atlântica
1668834364,2e5808fc-8b78-33d6-9874-c3632af5682a,-9.670330,-35.957821,2024-01-21 17:06:00,Brasil,ALAGOAS,MARECHAL DEODORO,Mata Atlântica
1669643323,8b2fd78f-9725-37cb-aabc-d57d37e10ce2,-9.999590,-36.183201,2024-01-27 16:20:00,Brasil,ALAGOAS,CORURIPE,Mata Atlântica
1669643325,e6648b83-9008-35c2-8693-72e9198c17a0,-9.998070,-36.171940,2024-01-27 16:20:00,Brasil,ALAGOAS,CORURIPE,Mata Atlântica
1669776694,fb27d680-f140-35a4-91f3-9c54e24d1c80,-9.632610,-37.595871,2024-01-28 17:02:00,Brasil,ALAGOAS,PÃO DE AÇÚCAR,Caatinga
1666102067,1525f9bd-209e-37fb-ac97-d6f9b8ccc42d,-9.492370,-35.998890,2024-01-01 16:24:00,Brasil,ALAGOAS,ATALAIA,Mata Atlântica
1666102070,605e2dd2-07c4-3b8d-89c8-ffe50f92c412,-8.987730,-35.301472,2024-01-01 16:24:00,Brasil,ALAGOAS,MARAGOGI,Mata Atlântica
1666662501,88e9cb09-081a-375c-b024-4f417f59a462,-9.576970,-36.506451,2024-01-06 16:34:00,Brasil,ALAGOAS,BELÉM,Mata Atlântica
1666662502,63ba7b84-9962-3698-8189-816a716c4e29,-9.575610,-36.497261,2024-01-06 16:34:00,Brasil,ALAGOAS,BELÉM,Mata Atlântica
1666662503,4e62ec00-848d-3ce8-89f6-ca0c1fc9a686,-9.567960,-36.507839,2024-01-06 16:34:00,Brasil,ALAGOAS,BELÉM,Mata Atlântica
1666662504,e4b7f1b8-52e1-34ec-8fb6-c7a0d13831b3,-9.566600,-36.498692,2024-01-06 16:34:00,Brasil,ALAGOAS,BELÉM,Mata Atlântica
1666662505,105a102e-b046-326c-ad53-731851512cba,-9.510150,-36.494869,2024-01-06 16:34:00,Brasil,ALAGOAS,BELÉM,Mata Atlântica
1666662507,a778264a-c489-30be-aa18-ba8d31759855,-9.243030,-35.694019,2024-01-06 16:34:00,Brasil,ALAGOAS,SÃO LUÍS DO QUITUNDE,Mata Atlântica
1666662508,ac1570a5-0357-3e79-bb14-707353e33857,-9.072480,-35.722801,2024-01-06 16:34:00,Brasil,ALAGOAS,JOAQUIM GOMES,Mata Atlântica
1666662644,c61a9d9d-f7a5-3421-90ba-5ae6ae33a524,-10.098820,-36.170158,2024-01-06 16:34:00,Brasil,ALAGOAS,CORURIPE,Mata Atlântica
1666662645,bad77f0a-c241-3ffa-95ce-fbf25234bf77,-10.097430,-36.160789,2024-01-06 16:34:00,Brasil,ALAGOAS,CORURIPE,Mata Atlântica
1666662646,bffbb991-9597-3c28-a203-7a4e4a85db0c,-10.096040,-36.151402,2024-01-06 16:34:00,Brasil,ALAGOAS,CORURIPE,Mata Atlântica
1666662647,6619b6ce-2dcb-3dbe-b417-ffe57a49489b,-10.094650,-36.142010,2024-01-06 16:34:00,Brasil,ALAGOAS,CORURIPE,Mata Atlântica
1666662648,21e1bf40-a73f-3127-9bcd-2cec75748849,-10.088360,-36.162201,2024-01-06 16:34:00,Brasil,ALAGOAS,CORURIPE,Mata Atlântica
1666662649,6f8c1cb4-de15-31a2-b5f1-574c07e089f5,-10.086960,-36.152821,2024-01-06 16:34:00,Brasil,ALAGOAS,CORURIPE,Mata Atlântica
1666662650,45ce1f71-1fa1-3138-996b-de37dd572148,-10.085570,-36.143421,2024-01-06 16:34:00,Brasil,ALAGOAS,CORURIPE,Mata Atlântica
1666662651,c33a1b77-c4c9-38cc-b563-2ad090dd428e,-10.082780,-36.124611,2024-01-06 16:34:00,Brasil,ALAGOAS,CORURIPE,Mata Atlântica
1666662652,b943eb18-ac72-3a09-9260-ed4c708cb9e4,-10.079270,-36.163609,2024-01-06 16:34:00,Brasil,ALAGOAS,CORURIPE,Mata Atlântica
1666662653,7b740fb1-a872-31aa-9e5d-8d2af095dcd9,-10.077880,-36.154221,2024-01-06 16:34:00,Brasil,ALAGOAS,CORURIPE,Mata Atlântica
1669086332,c3d9165a-e240-31cc-935e-77da2481ecd6,-9.864630,-36.941360,2024-01-23 16:49:00,Brasil,ALAGOAS,GIRAU DO PONCIANO,Caatinga
1670018025,a5b268ec-3499-3a91-bd9e-e8bbae2bba22,-9.029370,-35.579929,2024-01-29 16:05:00,Brasil,ALAGOAS,NOVO LINO,Mata Atlântica
1670018026,c8c88242-206f-3940-9f8c-de7ad120fb21,-9.027890,-35.587139,2024-01-29 16:05:00,Brasil,ALAGOAS,NOVO LINO,Mata Atlântica
1670018033,06b6d3a1-873b-34a0-a987-407b09a76f62,-10.227540,-36.408360,2024-01-29 16:05:00,Brasil,ALAGOAS,PENEDO,Mata Atlântica
1670018035,c14ce024-b4be-3406-8663-25e34706cb29,-10.162110,-36.285370,2024-01-29 16:05:00,Brasil,ALAGOAS,CORURIPE,Mata Atlântica
1670018036,917c73fc-f944-360a-9804-99357e4bfcee,-10.159280,-36.263081,2024-01-29 16:05:00,Brasil,ALAGOAS,CORURIPE,Mata Atlântica
1670018037,65ac7640-8e85-392a-a957-c87090ea08f0,-10.145750,-36.264801,2024-01-29 16:05:00,Brasil,ALAGOAS,CORURIPE,Mata Atlântica
1670855561,6ee34796-b9e8-3479-8cb1-59b4e1ddfb59,-9.687330,-36.659191,2024-01-30 16:45:00,Brasil,ALAGOAS,ARAPIRACA,Caatinga
1670855562,a476b7f5-beca-3182-b77a-620521695e5d,-9.383110,-35.948399,2024-01-30 16:45:00,Brasil,ALAGOAS,ATALAIA,Mata Atlântica
1671953132,6522580f-0d94-3f43-8020-ec3021305b09,-9.281740,-36.519421,2024-02-01 16:30:00,Brasil,ALAGOAS,QUEBRANGULO,Caatinga
1671953133,ae9a7767-f0d6-3647-9ec3-b42ed6e6ce5b,-8.924940,-35.965649,2024-02-01 16:30:00,Brasil,ALAGOAS,IBATEGUARA,Mata Atlântica
1672900101,226437b7-c3d1-3f1b-a1e7-aeef4d857a51,-9.274540,-37.159679,2024-02-06 16:39:00,Brasil,ALAGOAS,SANTANA DO IPANEMA,Caatinga
1672900104,7395ef76-e791-3c1a-8ae9-3e9b50873e5c,-9.138160,-37.548370,2024-02-06 16:39:00,Brasil,ALAGOAS,CANAPI,Caatinga
1672900206,10e5da4e-5b83-3090-b40f-e982c0959449,-10.242850,-36.295280,2024-02-06 16:39:00,Brasil,ALAGOAS,CORURIPE,Mata Atlântica
1674081157,00b97dec-7a7e-32de-a0b2-cb080d568ce5,-9.977850,-36.176430,2024-02-13 16:34:00,Brasil,ALAGOAS,CORURIPE,Mata Atlântica
1674081158,e92f1b8d-53ba-3ab7-ba4b-66fb6f38d756,-9.976530,-36.167419,2024-02-13 16:34:00,Brasil,ALAGOAS,CORURIPE,Mata Atlântica
1674081159,ca3531e8-8d0a-3173-8dbe-4963ca63714f,-9.552760,-35.854469,2024-02-13 16:34:00,Brasil,ALAGOAS,RIO LARGO,Mata Atlântica
1674081160,c383c0e2-2fe3-3b67-bceb-1efa189d3ea0,-9.071480,-35.652340,2024-02-13 16:34:00,Brasil,ALAGOAS,MATRIZ DE CAMARAGIBE,Mata Atlântica
1674397131,9c4d5331-f0b2-38bf-8736-afe2c9489ca8,-9.002540,-35.975449,2024-02-15 16:20:00,Brasil,ALAGOAS,SÃO JOSÉ DA LAJE,Mata Atlântica
1674397141,ace764d3-e65b-3bf3-ae27-51f1bd5bc368,-10.161290,-36.246460,2024-02-15 16:20:00,Brasil,ALAGOAS,CORURIPE,Mata Atlântica
1674555758,035b1dcd-a6db-39c1-9dad-7f1ffd32fd7d,-9.448650,-37.019581,2024-02-16 16:58:00,Brasil,ALAGOAS,MAJOR ISIDORO,Caatinga
1675178493,400c2e33-3feb-39d2-b1e3-aeda8f4a2ea6,-9.401730,-35.557209,2024-02-20 16:28:00,Brasil,ALAGOAS,BARRA DE SANTO ANTÔNIO,Mata Atlântica
1675178494,604e6e96-fc52-3211-bfa1-44363a43f386,-9.369750,-35.525070,2024-02-20 16:28:00,Brasil,ALAGOAS,BARRA DE SANTO ANTÔNIO,Mata Atlântica
1675178495,6b13cf31-c2ab-385e-8172-583c7065642b,-9.213660,-35.404049,2024-02-20 16:28:00,Brasil,ALAGOAS,SÃO MIGUEL DOS MILAGRES,Mata Atlântica
1675178496,4b07ede7-b781-3015-a8ea-2c75dd83d732,-8.907260,-35.192810,2024-02-20 16:28:00,Brasil,ALAGOAS,MARAGOGI,Mata Atlântica
1675768644,b3e566f5-3860-381d-8b1c-c077218e1dd4,-9.860040,-36.917351,2024-02-23 16:54:00,Brasil,ALAGOAS,GIRAU DO PONCIANO,Caatinga
1676098955,ab3949a2-58de-390a-9ce4-83813e8d6aa0,-9.328220,-35.607632,2024-02-25 16:37:00,Brasil,ALAGOAS,SÃO LUÍS DO QUITUNDE,Mata Atlântica
1676343695,227c7d76-d6ee-39c0-ba11-ac954887688b,-9.717300,-35.931511,2024-02-27 16:22:00,Brasil,ALAGOAS,MARECHAL DEODORO,Mata Atlântica
1676761209,c817d5e3-8b4d-3c1c-b9e3-2f2fa1265a17,-9.762540,-36.977921,2024-03-01 16:47:00,Brasil,ALAGOAS,TRAIPU,Caatinga
1676761211,16f4474b-cd0c-32a0-9a04-663a98d7a09e,-9.355740,-36.923679,2024-03-01 16:47:00,Brasil,ALAGOAS,MINADOR DO NEGRÃO,Caatinga
1676953449,a3bf6144-555c-3267-b712-a178bed200cc,-9.413520,-35.738258,2024-03-03 16:32:00,Brasil,ALAGOAS,MACEIÓ,Mata Atlântica
1676953450,f5d87c7c-98a8-3f11-a869-fd74ac51bb9f,-9.412220,-35.729290,2024-03-03 16:32:00,Brasil,ALAGOAS,MACEIÓ,Mata Atlântica
1676953451,d1824402-aece-3032-b8f0-61906d0cbaee,-9.032480,-35.965912,2024-03-03 16:32:00,Brasil,ALAGOAS,SÃO JOSÉ DA LAJE,Mata Atlântica
1676953452,d9ae0b4f-3293-3976-a3ef-1291b20dd802,-8.980980,-36.062519,2024-03-03 16:32:00,Brasil,ALAGOAS,SÃO JOSÉ DA LAJE,Mata Atlântica
1677560194,240db959-c08a-3c76-9a11-7b4999b190d3,-9.930490,-36.051521,2024-03-08 16:39:00,Brasil,ALAGOAS,JEQUIÁ DA PRAIA,Mata Atlântica
1677880718,046f4b6f-d348-3599-b6e4-c18b4565c9a4,-9.727540,-35.942928,2024-03-10 16:24:00,Brasil,ALAGOAS,MARECHAL DEODORO,Mata Atlântica
1677880719,f2818d03-33ce-334e-8e93-a565e08aedfe,-9.726160,-35.932869,2024-03-10 16:24:00,Brasil,ALAGOAS,MARECHAL DEODORO,Mata Atlântica
1677880720,95e7759d-259c-3a8f-aea8-ddcd1d7abd8b,-9.721640,-35.938931,2024-03-10 16:24:00,Brasil,ALAGOAS,MARECHAL DEODORO,Mata Atlântica
1677880721,b35584ad-fdeb-3ab2-9938-3f5afbc0e4e9,-9.720210,-35.928879,2024-03-10 16:24:00,Brasil,ALAGOAS,MARECHAL DEODORO,Mata Atlântica
1677880722,6b7ba8d6-581a-3940-8501-3e7d57a75bf1,-9.438980,-36.827339,2024-03-10 16:24:00,Brasil,ALAGOAS,ESTRELA DE ALAGOAS,Caatinga
1678201381,76772b97-fd8e-39f2-89c0-efa4fa4f1202,-9.918210,-36.197979,2024-03-12 16:09:00,Brasil,ALAGOAS,JEQUIÁ DA PRAIA,Mata Atlântica
1678201382,fef230b4-bb17-3cb0-bb65-4b6b70b7bf09,-9.916450,-37.078701,2024-03-12 16:09:00,Brasil,ALAGOAS,TRAIPU,Mata Atlântica
1678201383,d1a13bd0-d745-3caf-a9ca-f69109e6f952,-9.915720,-36.178341,2024-03-12 16:09:00,Brasil,ALAGOAS,JEQUIÁ DA PRAIA,Mata Atlântica
1678201384,d090d227-79fa-3d95-90d7-d41606978436,-9.906480,-36.204700,2024-03-12 16:09:00,Brasil,ALAGOAS,JEQUIÁ DA PRAIA,Mata Atlântica
1678201385,c2bdaa57-0cce-3e74-93eb-56ff4c8332be,-9.905400,-36.199669,2024-03-12 16:09:00,Brasil,ALAGOAS,JEQUIÁ DA PRAIA,Mata Atlântica
1678201386,d8e7bbf7-2480-3c04-a8cb-762f2ab13d12,-9.903860,-36.185070,2024-03-12 16:09:00,Brasil,ALAGOAS,JEQUIÁ DA PRAIA,Mata Atlântica
1678201387,b4864a54-dc39-385e-9bc2-2725885a6ef4,-9.902920,-36.180000,2024-03-12 16:09:00,Brasil,ALAGOAS,JEQUIÁ DA PRAIA,Mata Atlântica
1678201388,ba14a95c-483f-3d5b-98de-41601764eb72,-9.752220,-37.110741,2024-03-12 16:09:00,Brasil,ALAGOAS,BATALHA,Caatinga
1678201389,ff1230d4-be56-3863-9cd4-f0772334b5e3,-9.749150,-37.087521,2024-03-12 16:09:00,Brasil,ALAGOAS,BATALHA,Caatinga
1678201390,e8480ed9-77aa-399e-a402-e56d8b766faa,-9.745330,-37.104771,2024-03-12 16:09:00,Brasil,ALAGOAS,BATALHA,Caatinga
1678764991,ab5de782-c721-3960-9be2-a05eb3739365,-9.493240,-36.338169,2024-03-15 16:35:00,Brasil,ALAGOAS,PINDOBA,Mata Atlântica
1678764992,d2883c9c-c0be-37de-9312-337b26162df1,-9.484350,-36.339489,2024-03-15 16:35:00,Brasil,ALAGOAS,PINDOBA,Mata Atlântica
1679100329,6342b14a-800f-3edf-95fa-668c8a4383c9,-10.136380,-36.304878,2024-03-17 16:20:00,Brasil,ALAGOAS,CORURIPE,Mata Atlântica
1679100330,9b8e5cb8-0a7f-302a-bf14-187abb64479a,-10.070140,-36.334461,2024-03-17 16:20:00,Brasil,ALAGOAS,CORURIPE,Caatinga
1679502991,6112e8af-9a4c-3bcc-b9ef-b16810f397f0,-9.364930,-37.182598,2024-03-20 16:43:00,Brasil,ALAGOAS,SANTANA DO IPANEMA,Caatinga
1679502992,02b16a39-0387-362e-bc02-ef72ffae0afa,-9.364450,-36.807251,2024-03-20 16:43:00,Brasil,ALAGOAS,MINADOR DO NEGRÃO,Caatinga
1679502993,5d4a6ef7-c8b8-36b6-929a-2c3db0ce1c87,-9.363540,-37.173210,2024-03-20 16:43:00,Brasil,ALAGOAS,SANTANA DO IPANEMA,Caatinga
1679502994,e3bf5c29-99bf-37ef-8b7c-d460dfb7e895,-9.323800,-37.217758,2024-03-20 16:43:00,Brasil,ALAGOAS,SANTANA DO IPANEMA,Caatinga
1679502995,2a83f1ab-88b2-3f8b-a585-7543cac3d94a,-9.252080,-35.741989,2024-03-20 16:43:00,Brasil,ALAGOAS,FLEXEIRAS,Mata Atlântica
1679502997,0cfc50f8-c51d-33e4-beab-5276ca3abce5,-9.102910,-35.975529,2024-03-20 16:43:00,Brasil,ALAGOAS,UNIÃO DOS PALMARES,Mata Atlântica
1679691431,113a2372-95da-3197-985a-a1df29e21398,-9.990240,-36.771820,2024-03-22 16:26:00,Brasil,ALAGOAS,CAMPO GRANDE,Mata Atlântica
1679691432,9fc8e726-5f4e-30e5-b57a-782f2fdd25e5,-9.374010,-36.199291,2024-03-22 16:26:00,Brasil,ALAGOAS,VIÇOSA,Mata Atlântica
1679794599,fd7b4fca-0e5a-3ef2-acdd-e884581e133d,-9.872630,-37.182270,2024-03-23 17:09:00,Brasil,ALAGOAS,BELO MONTE,Caatinga
1679794600,c634f002-cbb7-3fc3-a76f-b44cd34da7c8,-9.840590,-37.193050,2024-03-23 17:09:00,Brasil,ALAGOAS,BELO MONTE,Caatinga
1679892861,d20578a4-0d7c-3a22-abe3-54ff7dca098a,-10.013350,-36.846581,2024-03-24 16:11:00,Brasil,ALAGOAS,OLHO D'ÁGUA GRANDE,Caatinga
1681765765,3ba7ac7b-08e5-3c75-84c4-eb9ad02459b4,-9.745460,-35.999592,2024-04-05 16:13:00,Brasil,ALAGOAS,SÃO MIGUEL DOS CAMPOS,Mata Atlântica
1681765767,6490a0ca-a14d-3d3f-9883-cd7e308df84f,-10.164750,-36.604271,2024-04-05 16:13:00,Brasil,ALAGOAS,IGREJA NOVA,Caatinga
1682240373,8082ec2a-6d27-30c4-8727-1433ea55cc00,-10.007380,-36.880241,2024-04-08 16:39:00,Brasil,ALAGOAS,TRAIPU,Caatinga
1673315257,30fe9194-5112-3ab6-b1f9-f247106fa863,-9.889670,-36.983109,2024-02-08 16:24:00,Brasil,ALAGOAS,TRAIPU,Caatinga
1673315258,60bdfc1e-07cc-314d-b586-a7251d184ad6,-9.521830,-35.797890,2024-02-08 16:24:00,Brasil,ALAGOAS,RIO LARGO,Mata Atlântica
1673315259,19bacdfd-0a93-3d03-8e67-76c76bd5ed17,-9.520480,-35.788311,2024-02-08 16:24:00,Brasil,ALAGOAS,MACEIÓ,Mata Atlântica
1673315260,25de7e42-f3f6-3050-8320-4fb3304b55e8,-9.234840,-37.932968,2024-02-08 16:24:00,Brasil,ALAGOAS,ÁGUA BRANCA,Caatinga
1673315261,a3852839-325e-3ba2-a3a7-a1595749353c,-9.233180,-37.939110,2024-02-08 16:24:00,Brasil,ALAGOAS,ÁGUA BRANCA,Caatinga
1673315262,91b464a2-c365-3cf4-b644-7d8f1e61ecf4,-9.086530,-35.582741,2024-02-08 16:24:00,Brasil,ALAGOAS,MATRIZ DE CAMARAGIBE,Mata Atlântica
1673315263,83b995d3-b50c-3f1d-bbb2-ce46319abcb0,-9.085200,-35.573429,2024-02-08 16:24:00,Brasil,ALAGOAS,MATRIZ DE CAMARAGIBE,Mata Atlântica
1673315264,fa3fb4ae-aed5-3692-b1cb-827ee3326a2e,-9.003050,-35.386311,2024-02-08 16:24:00,Brasil,ALAGOAS,PORTO CALVO,Mata Atlântica
1673315265,c0bf9f78-39af-3dd3-8c8c-d44bd4e39752,-9.001730,-35.377010,2024-02-08 16:24:00,Brasil,ALAGOAS,PORTO CALVO,Mata Atlântica
1679263722,274d1a16-f2c3-3921-9611-9282cc1889cd,-10.218870,-36.531898,2024-03-18 16:58:00,Brasil,ALAGOAS,PENEDO,Mata Atlântica
1680660228,c0719d09-e9cb-3b06-a1d3-2ac6fdd15cc8,-9.816450,-36.139729,2024-03-29 16:20:00,Brasil,ALAGOAS,SÃO MIGUEL DOS CAMPOS,Mata Atlântica
1680660229,f0d4bd9d-7839-3f99-abee-3e856e052666,-9.806100,-36.141159,2024-03-29 16:20:00,Brasil,ALAGOAS,SÃO MIGUEL DOS CAMPOS,Mata Atlântica
1683159234,675efe69-0611-3622-bd96-fc58ef3199d8,-9.712020,-37.205250,2024-04-13 16:48:00,Brasil,ALAGOAS,BATALHA,Caatinga
1683159251,c9893812-9d5b-318d-9451-1e1a639ed956,-10.203850,-36.799622,2024-04-13 16:48:00,Brasil,ALAGOAS,PORTO REAL DO COLÉGIO,Mata Atlântica
1683800541,54afba4b-1842-34cc-87e9-1ed2741c469d,-9.802410,-37.303028,2024-04-17 16:16:00,Brasil,ALAGOAS,BELO MONTE,Caatinga
1684973852,f30e2cd7-191e-3e44-8aab-065c3df20dbf,-9.608490,-37.547539,2024-04-25 16:50:00,Brasil,ALAGOAS,PÃO DE AÇÚCAR,Caatinga
1684973853,130060fd-3caa-3f32-8d03-0ba8d370a7b6,-9.340990,-37.118530,2024-04-25 16:50:00,Brasil,ALAGOAS,SANTANA DO IPANEMA,Caatinga
1685647038,6886fb73-1dd4-3647-817a-9b3fac2f4f32,-9.845330,-36.142681,2024-04-29 16:16:00,Brasil,ALAGOAS,SÃO MIGUEL DOS CAMPOS,Mata Atlântica
1685647039,0589abd0-1b89-3e4a-808d-87887c4563ad,-9.839620,-36.136330,2024-04-29 16:16:00,Brasil,ALAGOAS,SÃO MIGUEL DOS CAMPOS,Mata Atlântica
1688309417,858beaad-53b7-3487-a144-3ceb243416a1,-9.596520,-36.822411,2024-05-16 16:24:00,Brasil,ALAGOAS,CRAÍBAS,Caatinga
1696886800,bb04d6b1-67eb-33c1-90bc-da5bc0dafc2b,-9.909920,-36.287319,2024-07-04 16:56:00,Brasil,ALAGOAS,TEOTÔNIO VILELA,Mata Atlântica
1708837702,2575104e-a41c-324d-a15e-265c0589d6e9,-9.625840,-36.909920,2024-08-12 17:09:00,Brasil,ALAGOAS,JARAMATAIA,Caatinga
1708837703,fbfb8cec-ee04-326e-98a1-54e802ca0d13,-9.650300,-36.351479,2024-08-12 17:09:00,Brasil,ALAGOAS,ANADIA,Mata Atlântica
1710489398,64f4b41f-5d2e-316b-9911-fb89e7c7094e,-9.758650,-36.980511,2024-08-16 16:35:00,Brasil,ALAGOAS,TRAIPU,Caatinga
1712606876,6c983f27-64f2-3750-89d1-cd75987511d3,-9.766180,-36.973309,2024-08-21 16:39:00,Brasil,ALAGOAS,TRAIPU,Caatinga
1712606877,21185177-778a-3874-bfd8-04000cbe6210,-9.613670,-36.925171,2024-08-21 16:39:00,Brasil,ALAGOAS,JARAMATAIA,Caatinga
1714422088,e3b8905f-9a65-3d9c-8e43-1d86f024a7e9,-9.749360,-36.981441,2024-08-26 16:45:00,Brasil,ALAGOAS,TRAIPU,Caatinga
1714422089,fc74eb99-cf5c-38b9-a903-08ac4129f404,-9.758330,-36.980190,2024-08-26 16:45:00,Brasil,ALAGOAS,TRAIPU,Caatinga
1714422090,d28815bf-4ab6-3d0e-b0bc-940c3c73f232,-9.757000,-36.970890,2024-08-26 16:45:00,Brasil,ALAGOAS,TRAIPU,Caatinga
1715577860,13a4554b-1a29-3256-bf4c-6130ce1c1b9f,-9.741190,-37.001530,2024-08-29 17:09:00,Brasil,ALAGOAS,BATALHA,Caatinga
1718866624,ab0e8d3f-0361-3eb4-8ddf-380a5fdfa429,-9.358180,-35.524460,2024-09-07 16:39:00,Brasil,ALAGOAS,BARRA DE SANTO ANTÔNIO,Mata Atlântica
1720856339,95c9db32-22d9-3334-bad4-4f4b6bbeeace,-9.307720,-35.487461,2024-09-12 16:43:00,Brasil,ALAGOAS,PASSO DE CAMARAGIBE,Mata Atlântica
1720856342,ba76a823-1407-338f-85b2-ddb0fcb4552b,-9.438740,-35.571751,2024-09-12 16:43:00,Brasil,ALAGOAS,PARIPUEIRA,Mata Atlântica
1720856343,2f25a8ce-0dfe-3d35-9c46-043eb627b67d,-9.429870,-35.573071,2024-09-12 16:43:00,Brasil,ALAGOAS,PARIPUEIRA,Mata Atlântica
1721612434,67fa23da-a961-30b6-9729-87f1c76713f5,-9.724660,-35.993301,2024-09-14 16:26:00,Brasil,ALAGOAS,SÃO MIGUEL DOS CAMPOS,Mata Atlântica
1722640083,6b078a76-12b9-3cba-b5f7-3c49d5243049,-9.963840,-36.154461,2024-09-17 16:50:00,Brasil,ALAGOAS,CORURIPE,Mata Atlântica
1722640084,7a9f939d-9179-3a4a-bff6-72b2b97477c4,-9.962530,-36.145500,2024-09-17 16:50:00,Brasil,ALAGOAS,CORURIPE,Mata Atlântica
1722640099,182809ff-1a5d-3c48-a25b-a6f271911508,-8.905340,-35.237930,2024-09-17 16:50:00,Brasil,ALAGOAS,MARAGOGI,Mata Atlântica
1724054161,c0f28627-1dae-3a1f-85aa-4cd351a7ac66,-9.183470,-35.512112,2024-09-22 16:54:00,Brasil,ALAGOAS,MATRIZ DE CAMARAGIBE,Mata Atlântica
1724054162,00fd389a-195d-3abc-b0c6-583e4c1b3f4e,-9.200710,-35.499031,2024-09-22 16:54:00,Brasil,ALAGOAS,PASSO DE CAMARAGIBE,Mata Atlântica
1725151757,a90111c0-20e3-3e0b-8342-2b1c19a99686,-9.500140,-37.987091,2024-09-27 16:58:00,Brasil,ALAGOAS,DELMIRO GOUVEIA,Caatinga
1726985950,484fc41b-9d3b-3d3d-bb51-a3cd5d41eb0f,-8.962940,-35.266331,2024-10-06 16:26:00,Brasil,ALAGOAS,MARAGOGI,Mata Atlântica
1726985951,19343af5-d645-3359-90e3-2495f8514af0,-8.961730,-35.273071,2024-10-06 16:26:00,Brasil,ALAGOAS,MARAGOGI,Mata Atlântica
1727390792,65fbf603-599d-3dfd-8f51-11d6e582fee3,-8.891660,-35.171741,2024-10-08 16:09:00,Brasil,ALAGOAS,MARAGOGI,Mata Atlântica
1727390793,256f2194-16b8-3503-bcb5-d87666ea59b9,-8.889810,-35.196941,2024-10-08 16:09:00,Brasil,ALAGOAS,MARAGOGI,Mata Atlântica
1723187410,c816db6d-ccbb-31d9-9e29-dfb7ac387e84,-9.799480,-35.917130,2024-09-19 16:33:00,Brasil,ALAGOAS,MARECHAL DEODORO,Mata Atlântica
1725436244,870ed2a7-5943-3da6-ba7d-6d8a539b80bd,-8.948060,-35.212181,2024-09-29 16:39:00,Brasil,ALAGOAS,MARAGOGI,Mata Atlântica
1725436245,350ecd85-d065-357a-bab3-e683c3c824e2,-9.023980,-35.294579,2024-09-29 16:39:00,Brasil,ALAGOAS,MARAGOGI,Mata Atlântica
1725436246,d5c480a2-309c-3b23-8dc0-45533af8383c,-9.025300,-35.303780,2024-09-29 16:39:00,Brasil,ALAGOAS,MARAGOGI,Mata Atlântica
1727639993,1dc9ddd6-4e73-3467-9dfc-e9765df79855,-9.818790,-36.469959,2024-10-09 16:50:00,Brasil,ALAGOAS,JUNQUEIRO,Mata Atlântica
1727639994,156e19d9-0736-3685-a4b5-4a0df749e3b0,-9.817490,-36.460979,2024-10-09 16:50:00,Brasil,ALAGOAS,JUNQUEIRO,Mata Atlântica
1727639995,a2bb4c2d-59f2-3722-9660-82eb82f77b8c,-9.809910,-36.471279,2024-10-09 16:50:00,Brasil,ALAGOAS,JUNQUEIRO,Mata Atlântica
1727639996,bf9e0caa-b120-3666-bbe3-c136d5c44451,-9.808610,-36.462299,2024-10-09 16:50:00,Brasil,ALAGOAS,JUNQUEIRO,Mata Atlântica
1727639997,d5c3e46c-a1a1-33ce-8d1d-9eafb27ba43a,-9.807320,-36.453320,2024-10-09 16:50:00,Brasil,ALAGOAS,JUNQUEIRO,Mata Atlântica
1727639998,dbdc5cc2-8302-3d1d-978d-e1a0d3819b36,-9.806030,-36.444359,2024-10-09 16:50:00,Brasil,ALAGOAS,JUNQUEIRO,Mata Atlântica
1727639999,93b741a5-64b0-3719-975d-725579d23f8c,-9.801030,-36.472618,2024-10-09 16:50:00,Brasil,ALAGOAS,LIMOEIRO DE ANADIA,Mata Atlântica
1727640000,215cc54b-f0ff-3759-b31c-d8698dd8a7ab,-9.587410,-35.895790,2024-10-09 16:50:00,Brasil,ALAGOAS,PILAR,Mata Atlântica
1727640005,73deeb21-bb77-3ebc-b0bb-4c33bc3617ea,-9.400070,-37.015339,2024-10-09 16:50:00,Brasil,ALAGOAS,CACIMBINHAS,Caatinga
1728229717,3306e2fc-1fc1-309b-9d58-145adac13b2c,-10.241350,-36.330429,2024-10-12 17:09:00,Brasil,ALAGOAS,CORURIPE,Mata Atlântica
1728229718,4a92171b-1c94-3f2f-afa4-4c53728c3391,-10.238880,-36.315090,2024-10-12 17:09:00,Brasil,ALAGOAS,CORURIPE,Mata Atlântica
1728229720,786625ed-0e79-363f-890d-ae0a7bb7c548,-10.230000,-36.332359,2024-10-12 17:09:00,Brasil,ALAGOAS,CORURIPE,Mata Atlântica
1728230309,202df61f-62d2-3b03-ac6d-364e999f140f,-9.308740,-37.958019,2024-10-12 17:09:00,Brasil,ALAGOAS,ÁGUA BRANCA,Caatinga
1728940200,ae2aa2af-f886-33b0-a7c9-2f920ff56cfd,-10.225760,-36.349850,2024-10-17 17:13:00,Brasil,ALAGOAS,CORURIPE,Mata Atlântica
1729188108,0bc8f4ee-eb23-362c-b462-980906ebeb9f,-10.122240,-36.243679,2024-10-19 16:56:00,Brasil,ALAGOAS,CORURIPE,Mata Atlântica
1729188109,3fb7937a-d1e2-3567-ab2b-bbf4396903c3,-10.123660,-36.253059,2024-10-19 16:56:00,Brasil,ALAGOAS,CORURIPE,Mata Atlântica
1729188110,901c03ee-517b-33db-8198-53c08d7ec927,-10.307290,-36.308029,2024-10-19 16:56:00,Brasil,ALAGOAS,FELIZ DESERTO,Mata Atlântica
1729188377,f2b484bb-b094-325d-ab69-7b92baf3ee41,-9.413150,-35.519531,2024-10-19 16:56:00,Brasil,ALAGOAS,BARRA DE SANTO ANTÔNIO,Mata Atlântica
1729188378,a572085a-d55b-3ecd-9955-11264f6cdecb,-9.160330,-35.545990,2024-10-19 16:56:00,Brasil,ALAGOAS,MATRIZ DE CAMARAGIBE,Mata Atlântica
1729433151,f8c50da5-3456-3a57-9733-c9392fbb3a52,-10.161120,-36.329819,2024-10-21 16:39:00,Brasil,ALAGOAS,CORURIPE,Mata Atlântica
1730240861,c6a3c0d1-0fac-3b02-a071-7a9868f16d63,-9.705720,-36.541809,2024-10-26 16:41:00,Brasil,ALAGOAS,LIMOEIRO DE ANADIA,Mata Atlântica
1730712406,8810fb08-b588-3764-b5c6-9832bdc645e0,-9.037640,-35.653431,2024-10-29 17:05:00,Brasil,ALAGOAS,MATRIZ DE CAMARAGIBE,Mata Atlântica
1730712408,90cdb3b0-098e-360f-bc39-69ec422b9727,-10.238610,-36.459419,2024-10-29 17:05:00,Brasil,ALAGOAS,PENEDO,Mata Atlântica
1730712409,f9ed1fb6-a968-31e8-bce4-f121e5abce70,-10.236970,-36.448650,2024-10-29 17:05:00,Brasil,ALAGOAS,PENEDO,Mata Atlântica
1731252809,1175f229-4982-3c80-b8d3-c7ece2da051f,-9.485620,-35.767380,2024-11-02 16:26:00,Brasil,ALAGOAS,MACEIÓ,Mata Atlântica
1731252810,92411c73-605a-3e02-90c3-c2d04d46507f,-9.480700,-35.778759,2024-11-02 16:26:00,Brasil,ALAGOAS,MACEIÓ,Mata Atlântica
1731252811,121b43e6-f650-3ce9-a762-e1e06664e01e,-9.478500,-35.761471,2024-11-02 16:26:00,Brasil,ALAGOAS,MACEIÓ,Mata Atlântica
1731252812,14b14b70-20d4-378d-a08e-5ee0aa6b1d9a,-9.148820,-35.758759,2024-11-02 16:26:00,Brasil,ALAGOAS,FLEXEIRAS,Mata Atlântica
1731392501,4c105c87-86b8-332e-83cd-84f3d5375a47,-10.029210,-36.455502,2024-11-03 17:06:00,Brasil,ALAGOAS,TEOTÔNIO VILELA,Mata Atlântica
1731614093,41cc9f34-ef9d-3d2a-acb9-b5d1f37a959e,-10.323430,-36.355499,2024-11-05 16:49:00,Brasil,ALAGOAS,FELIZ DESERTO,Mata Atlântica
1731614120,7d209269-3884-344a-9f1b-5e414f20dc3e,-9.455880,-36.990021,2024-11-05 16:49:00,Brasil,ALAGOAS,CACIMBINHAS,Caatinga
1731614298,ca32942b-4de6-392b-827d-4019e86cc2de,-8.918670,-35.189529,2024-11-05 16:49:00,Brasil,ALAGOAS,MARAGOGI,Mata Atlântica
1731614766,e8350ab3-695b-3d2f-9f65-1f0a9b4fa1b2,-9.233250,-35.568790,2024-11-05 16:49:00,Brasil,ALAGOAS,PASSO DE CAMARAGIBE,Mata Atlântica
1731956275,af2b1ca0-fb7e-35a4-ba7f-45179c79b87c,-10.295370,-36.513439,2024-11-08 17:09:00,Brasil,ALAGOAS,PENEDO,Mata Atlântica
1732098037,f875e1e4-9841-3ad6-bcff-87d09de728e8,-9.163770,-35.347511,2024-11-09 16:11:00,Brasil,ALAGOAS,PORTO DE PEDRAS,Mata Atlântica
1732098083,21ae1330-aa4e-38e6-858a-5313ccafe4fc,-9.155920,-35.353031,2024-11-09 16:11:00,Brasil,ALAGOAS,PORTO DE PEDRAS,Mata Atlântica
1732256376,c974b7c0-385f-3456-a1b3-8034223b9d4b,-9.265790,-35.443909,2024-11-10 16:52:00,Brasil,ALAGOAS,PASSO DE CAMARAGIBE,Mata Atlântica
1732256413,75eeae16-a17f-3635-aee9-33c1f55c10f3,-9.746140,-36.395420,2024-11-10 16:52:00,Brasil,ALAGOAS,LIMOEIRO DE ANADIA,Mata Atlântica
1732256585,a8a85378-a545-308d-aeb2-42fd0921083f,-9.264480,-35.434952,2024-11-10 16:52:00,Brasil,ALAGOAS,PASSO DE CAMARAGIBE,Mata Atlântica
1732256652,ecc58fdf-3068-3952-890d-5590c173f3da,-9.755000,-36.394112,2024-11-10 16:52:00,Brasil,ALAGOAS,LIMOEIRO DE ANADIA,Mata Atlântica
1732256696,98da5cce-e6cb-3d80-b2b7-013875f28087,-9.762030,-36.058979,2024-11-10 16:52:00,Brasil,ALAGOAS,SÃO MIGUEL DOS CAMPOS,Mata Atlântica
1732256715,5707dd6b-a144-3b2c-bf13-533567df03d3,-9.193940,-36.144459,2024-11-10 16:52:00,Brasil,ALAGOAS,UNIÃO DOS PALMARES,Mata Atlântica
1732256746,0ef07591-559a-3e2d-b601-f236791554f0,-9.753700,-36.385151,2024-11-10 16:52:00,Brasil,ALAGOAS,LIMOEIRO DE ANADIA,Mata Atlântica
1732256760,dce9a426-4525-391f-ba6f-a96558b962a2,-9.498340,-35.834499,2024-11-10 16:52:00,Brasil,ALAGOAS,RIO LARGO,Mata Atlântica
1732256774,aac2899d-bf88-36ae-9b56-3eaadfdf3bcb,-9.760740,-36.050079,2024-11-10 16:52:00,Brasil,ALAGOAS,SÃO MIGUEL DOS CAMPOS,Mata Atlântica
1732256876,18d17b6c-1885-3dc4-822a-517878187905,-9.497040,-35.825611,2024-11-10 16:52:00,Brasil,ALAGOAS,RIO LARGO,Mata Atlântica
1732256898,1d8bfed2-fd8d-3a16-b7f8-b9a0045bcac2,-9.744850,-36.386459,2024-11-10 16:52:00,Brasil,ALAGOAS,LIMOEIRO DE ANADIA,Mata Atlântica
1732698181,ce967d0d-d99c-3faf-9bd5-be131e91770a,-9.527670,-37.276970,2024-11-13 17:11:00,Brasil,ALAGOAS,OLHO D'ÁGUA DAS FLORES,Caatinga
1732824800,7e29f24b-2a2f-3449-a293-0955f710646e,-9.923860,-36.256821,2024-11-14 16:13:00,Brasil,ALAGOAS,CAMPO ALEGRE,Mata Atlântica
1732824844,10d87b70-b150-3616-8734-362125e76d1a,-9.940350,-36.296440,2024-11-14 16:13:00,Brasil,ALAGOAS,TEOTÔNIO VILELA,Mata Atlântica
1732824946,63a11675-f6ff-3696-bf28-26aef90eaf84,-9.935840,-36.259472,2024-11-14 16:13:00,Brasil,ALAGOAS,CORURIPE,Mata Atlântica
1732948484,5d9891d7-d4b9-3295-958e-dda5885c42fa,-9.025200,-35.249908,2024-11-15 16:54:00,Brasil,ALAGOAS,MARAGOGI,Mata Atlântica
1732948714,cac78034-9946-308c-a263-7720e371d2b3,-9.417640,-35.910511,2024-11-15 16:54:00,Brasil,ALAGOAS,RIO LARGO,Mata Atlântica
1732948746,3d20bbf7-440b-307f-b3de-3a856d870974,-9.469810,-36.204540,2024-11-15 16:54:00,Brasil,ALAGOAS,ATALAIA,Mata Atlântica
1732948777,dc085634-3d16-3b32-90b3-60944eceba9e,-9.471110,-36.213459,2024-11-15 16:54:00,Brasil,ALAGOAS,ATALAIA,Mata Atlântica
1732948844,ed7a9089-af66-3c91-93f1-253ea075c103,-9.465720,-36.993500,2024-11-15 16:54:00,Brasil,ALAGOAS,MAJOR ISIDORO,Caatinga
1733429073,62c944d2-e5fe-3fca-8e40-abe7e156b047,-9.339650,-35.592361,2024-11-19 16:17:00,Brasil,ALAGOAS,SÃO LUÍS DO QUITUNDE,Mata Atlântica
1733589989,3daf354a-a161-3190-9889-5f76982dc24a,-9.243100,-37.878361,2024-11-20 16:56:00,Brasil,ALAGOAS,ÁGUA BRANCA,Caatinga
1733827012,3f1782f6-0b4a-3169-bcc1-718e88a84544,-9.535810,-35.985050,2024-11-22 16:37:00,Brasil,ALAGOAS,ATALAIA,Mata Atlântica
1733827246,1c64444b-e95f-3c65-9e25-79fb8883b863,-9.534100,-35.972710,2024-11-22 16:37:00,Brasil,ALAGOAS,ATALAIA,Mata Atlântica
1734095144,f80849f7-3b2c-389e-bc9b-56a06cb84a2c,-9.092800,-35.492840,2024-11-24 16:20:00,Brasil,ALAGOAS,PORTO DE PEDRAS,Mata Atlântica
1734095169,1de10519-32d7-322c-b08a-8ee3cffdccac,-8.924300,-35.571140,2024-11-24 16:20:00,Brasil,ALAGOAS,JUNDIÁ,Mata Atlântica
1734095180,36236972-f38f-32ee-a887-9cdbb657ff9a,-8.918120,-35.552219,2024-11-24 16:20:00,Brasil,ALAGOAS,JUNDIÁ,Mata Atlântica
1734901108,ff5fa37a-54d1-3c85-aa83-3f75887bc26e,-10.258070,-36.329430,2024-11-30 17:00:00,Brasil,ALAGOAS,FELIZ DESERTO,Mata Atlântica
1734901174,5ceca411-98e0-3ace-887f-df841d38270b,-9.550220,-35.785931,2024-11-30 17:00:00,Brasil,ALAGOAS,MACEIÓ,Mata Atlântica
1734901387,b8a994d1-bb5a-3e30-bd01-40a066075459,-10.256660,-36.319981,2024-11-30 17:00:00,Brasil,ALAGOAS,FELIZ DESERTO,Mata Atlântica
1735154715,c3b436ae-187c-3692-9ccd-0ff813d86f92,-8.964160,-36.027920,2024-12-02 16:41:00,Brasil,ALAGOAS,SÃO JOSÉ DA LAJE,Mata Atlântica
1735154790,1e9f2680-e097-32af-aca5-ca2bbd87fa3a,-9.816740,-36.132481,2024-12-02 16:41:00,Brasil,ALAGOAS,SÃO MIGUEL DOS CAMPOS,Mata Atlântica
1734613590,7287bee5-200c-32d6-af34-f2ec6d4a8e4e,-9.142400,-35.546822,2024-11-28 17:19:00,Brasil,ALAGOAS,MATRIZ DE CAMARAGIBE,Mata Atlântica
1734613627,3e92ae14-dc8a-38fb-92cd-713ede3fa9ae,-9.129570,-37.745899,2024-11-28 17:19:00,Brasil,ALAGOAS,MATA GRANDE,Caatinga
1734476142,b49580a5-a971-33e0-a28e-c7c1f7480934,-9.468100,-35.957088,2024-11-27 16:39:00,Brasil,ALAGOAS,ATALAIA,Mata Atlântica
1734476254,c96fda03-396e-3e6f-bfc6-3f47aae679e5,-8.919160,-35.222328,2024-11-27 16:39:00,Brasil,ALAGOAS,MARAGOGI,Mata Atlântica
1734476315,9bb73156-78b6-3018-bc7c-7a41431f8ddc,-8.865270,-35.425510,2024-11-27 16:39:00,Brasil,ALAGOAS,JACUÍPE,Mata Atlântica
1735518157,40509726-27dc-3f0f-a547-0c29be35833f,-9.507410,-35.906910,2024-12-05 17:02:00,Brasil,ALAGOAS,RIO LARGO,Mata Atlântica
1735518233,9ea0114f-a132-3130-bd26-06e6c440973f,-9.322730,-35.969818,2024-12-05 17:02:00,Brasil,ALAGOAS,MURICI,Mata Atlântica
1735518284,c1ac8934-2e63-3320-a1e5-db6dffd8181b,-9.313240,-35.971260,2024-12-05 17:02:00,Brasil,ALAGOAS,MURICI,Mata Atlântica
1735518319,3a5daa4a-bc50-34fa-893f-d2570bd73e1e,-10.339990,-36.333408,2024-12-05 17:02:00,Brasil,ALAGOAS,PIAÇABUÇU,Mata Atlântica
1736224856,03e54657-8b15-3b03-b4ae-80828929278b,-9.450930,-35.976841,2024-12-10 17:04:00,Brasil,ALAGOAS,ATALAIA,Mata Atlântica
1736464120,6b64f810-93fe-3d3a-a562-2433828d69e3,-9.009010,-35.666100,2024-12-12 16:47:00,Brasil,ALAGOAS,NOVO LINO,Mata Atlântica
1736464155,780b4a70-824e-3d55-a355-a3a06d41643a,-9.020520,-35.427471,2024-12-12 16:47:00,Brasil,ALAGOAS,PORTO CALVO,Mata Atlântica
1736464197,43ef0550-e379-38f1-b499-576f800e101d,-9.028250,-35.416759,2024-12-12 16:47:00,Brasil,ALAGOAS,PORTO CALVO,Mata Atlântica
1736464288,c68c668a-c8d9-38ef-bb1a-080a7df10437,-9.029580,-35.426159,2024-12-12 16:47:00,Brasil,ALAGOAS,PORTO CALVO,Mata Atlântica
1736464383,2235d294-6568-39d1-9d85-a2ecf0a1ef97,-9.080270,-36.103291,2024-12-12 16:47:00,Brasil,ALAGOAS,UNIÃO DOS PALMARES,Mata Atlântica
1736464395,935014f8-246a-3e32-a54a-66e1d04034a3,-9.406810,-36.145241,2024-12-12 16:47:00,Brasil,ALAGOAS,CAJUEIRO,Mata Atlântica
1736464448,fe417968-74bc-34bf-a993-c3ea951681a7,-9.190820,-36.102638,2024-12-12 16:47:00,Brasil,ALAGOAS,UNIÃO DOS PALMARES,Mata Atlântica
1736464449,2af632f8-021f-328e-a161-72ccab62b478,-9.878390,-36.162128,2024-12-12 16:47:00,Brasil,ALAGOAS,JEQUIÁ DA PRAIA,Mata Atlântica
1736464495,9ac76545-2e60-3bf7-9372-26fe020491d0,-9.245510,-35.585049,2024-12-12 16:47:00,Brasil,ALAGOAS,SÃO LUÍS DO QUITUNDE,Mata Atlântica
1736464612,b54a60b6-849a-3d19-9299-5c23f7eb6ea1,-9.253300,-35.574211,2024-12-12 16:47:00,Brasil,ALAGOAS,PASSO DE CAMARAGIBE,Mata Atlântica
1736464739,1775f6b4-2815-3edb-bfd8-2a75df2fab27,-9.189400,-36.092640,2024-12-12 16:47:00,Brasil,ALAGOAS,UNIÃO DOS PALMARES,Mata Atlântica
1736464798,d99ea272-3f9a-3681-b690-a839b1fa05bb,-9.010370,-35.675640,2024-12-12 16:47:00,Brasil,ALAGOAS,NOVO LINO,Mata Atlântica
1736464897,136573aa-de44-3bed-b16c-398236ede98f,-9.019200,-35.418072,2024-12-12 16:47:00,Brasil,ALAGOAS,PORTO CALVO,Mata Atlântica
1736464914,8f3326c9-1a05-36bf-832f-1bc84b70302d,-9.244170,-35.575500,2024-12-12 16:47:00,Brasil,ALAGOAS,PASSO DE CAMARAGIBE,Mata Atlântica
1737230110,ad0ca494-13ba-32dd-907b-034cceba790b,-9.081820,-35.787182,2024-12-17 16:47:00,Brasil,ALAGOAS,JOAQUIM GOMES,Mata Atlântica
1737230152,8d09ddfb-11c5-3604-a297-1809af3e2a42,-9.127310,-36.043209,2024-12-17 16:47:00,Brasil,ALAGOAS,UNIÃO DOS PALMARES,Mata Atlântica
1737230349,4f787fbb-9afc-3dc8-a12a-e7d55cdfce02,-10.135710,-36.392769,2024-12-17 16:47:00,Brasil,ALAGOAS,PENEDO,Mata Atlântica
1737230457,cee8a47f-6cdf-32d0-b8d9-15e28f4f7b99,-9.750540,-36.409580,2024-12-17 16:47:00,Brasil,ALAGOAS,LIMOEIRO DE ANADIA,Mata Atlântica
1737230593,17fe8a54-5d1d-3e71-8cb5-f4212f276281,-9.136470,-36.041859,2024-12-17 16:47:00,Brasil,ALAGOAS,UNIÃO DOS PALMARES,Mata Atlântica
1737230616,c3301858-6c38-35c4-b674-d928c71842bd,-9.741150,-36.410881,2024-12-17 16:47:00,Brasil,ALAGOAS,LIMOEIRO DE ANADIA,Mata Atlântica
1737230651,0bce071a-045d-3f38-9b21-1b76d193f013,-9.134520,-35.320629,2024-12-17 16:47:00,Brasil,ALAGOAS,PORTO CALVO,Mata Atlântica
1737230661,24657e21-d0f4-399c-a2a1-defc2b668c88,-9.587520,-37.368980,2024-12-17 16:47:00,Brasil,ALAGOAS,SÃO JOSÉ DA TAPERA,Caatinga
1737230673,e6e03f96-21e3-3e43-becf-341564efb238,-9.585950,-37.357552,2024-12-17 16:47:00,Brasil,ALAGOAS,SÃO JOSÉ DA TAPERA,Caatinga
1737549958,b781221d-366a-3b94-8f3f-9a02cea15079,-9.572910,-35.906502,2024-12-19 16:28:00,Brasil,ALAGOAS,RIO LARGO,Mata Atlântica
1737550011,f664837d-1a39-3730-ab3e-0da410134215,-9.570510,-35.887260,2024-12-19 16:28:00,Brasil,ALAGOAS,RIO LARGO,Mata Atlântica
1737550028,69b8c2fb-3840-3c28-9b88-04cc8d2d640e,-9.570870,-35.893879,2024-12-19 16:28:00,Brasil,ALAGOAS,RIO LARGO,Mata Atlântica
1737720243,03521f02-9bff-3c15-94bc-ce592aee1237,-9.364100,-36.477871,2024-12-20 17:09:00,Brasil,ALAGOAS,QUEBRANGULO,Mata Atlântica
1737720523,7d4bb529-55b7-3a46-bd84-817fc79c641e,-9.373870,-36.476429,2024-12-20 17:09:00,Brasil,ALAGOAS,QUEBRANGULO,Mata Atlântica
1737720713,029b275c-9ba8-3116-ba0a-57e04843d44e,-10.210040,-36.441330,2024-12-20 17:09:00,Brasil,ALAGOAS,PENEDO,Mata Atlântica
1738028922,55913a66-4393-3dc2-bf03-549afb1df8ca,-9.134810,-35.304642,2024-12-22 16:49:00,Brasil,ALAGOAS,PORTO CALVO,Mata Atlântica
1738028945,2b9246fc-0076-3eaa-944c-c92fc9ea6313,-10.226440,-36.643101,2024-12-22 16:49:00,Brasil,ALAGOAS,IGREJA NOVA,Caatinga
1738028950,e519236a-cf3b-3f19-a77f-ea4242222e6e,-9.136100,-35.313641,2024-12-22 16:49:00,Brasil,ALAGOAS,PORTO CALVO,Mata Atlântica
1738028967,d0255b8d-c17d-3674-8918-fc9fc9f79e34,-9.125920,-35.305950,2024-12-22 16:49:00,Brasil,ALAGOAS,JAPARATINGA,Mata Atlântica
1738028979,41182d94-7cd4-3c76-9561-19fe7f0f426e,-8.982200,-35.211140,2024-12-22 16:49:00,Brasil,ALAGOAS,MARAGOGI,Mata Atlântica
1738322305,1207dd1d-4d1d-3755-9be3-0a7e6bee50aa,-9.031430,-35.573448,2024-12-24 16:30:00,Brasil,ALAGOAS,NOVO LINO,Mata Atlântica
1738322327,3a5881fd-63df-35ce-b514-078bc1f3a32e,-9.296290,-35.966412,2024-12-24 16:30:00,Brasil,ALAGOAS,MURICI,Mata Atlântica
1738322370,153c7990-0009-37bb-abfe-b98f7d104e9e,-9.029080,-35.556309,2024-12-24 16:30:00,Brasil,ALAGOAS,PORTO CALVO,Mata Atlântica
1738322391,8d9e47d0-7a46-3c68-bd0f-fcef3ba95200,-9.036230,-35.566212,2024-12-24 16:30:00,Brasil,ALAGOAS,NOVO LINO,Mata Atlântica
1738322395,8eba3acc-d959-3624-9ebb-61f610ce84cc,-8.889080,-35.651901,2024-12-24 16:30:00,Brasil,ALAGOAS,COLÔNIA LEOPOLDINA,Mata Atlântica
1738322419,6af27e0d-d585-3750-9a83-a3ba3f651d2e,-9.024080,-35.567619,2024-12-24 16:30:00,Brasil,ALAGOAS,NOVO LINO,Mata Atlântica
1738443600,1b1727a4-34e7-3f58-88d3-a9ba92cd7116,-10.216810,-36.566231,2024-12-25 17:09:00,Brasil,ALAGOAS,PENEDO,Mata Atlântica
1738729995,1bfe8217-2e92-3ce8-8424-f1d16239b3ef,-8.959020,-35.336311,2024-12-27 16:52:00,Brasil,ALAGOAS,MARAGOGI,Mata Atlântica
1738730018,1d2b2ced-6761-3058-a6cd-de6bdb63ff56,-9.487650,-35.808319,2024-12-27 16:49:00,Brasil,ALAGOAS,RIO LARGO,Mata Atlântica
1738730060,0044949e-9439-3442-a820-02bf0b0e1033,-9.869510,-37.130520,2024-12-27 16:49:00,Brasil,ALAGOAS,BELO MONTE,Caatinga
1738730085,c3457630-5277-37dd-a173-8071b9d17a10,-8.960320,-35.345242,2024-12-27 16:52:00,Brasil,ALAGOAS,MARAGOGI,Mata Atlântica
1738730177,3bc058f5-8c84-3870-8361-7d7fe1fa0a74,-8.997140,-35.789520,2024-12-27 16:52:00,Brasil,ALAGOAS,COLÔNIA LEOPOLDINA,Mata Atlântica
1738730246,198c310c-ae72-33b0-9c29-d5f0ddf48b5e,-9.486340,-35.799191,2024-12-27 16:49:00,Brasil,ALAGOAS,RIO LARGO,Mata Atlântica
1739096771,e4be8fb0-f914-31fd-bde5-bc6b88f659bf,-9.666040,-36.239288,2024-12-29 16:32:00,Brasil,ALAGOAS,BOCA DA MATA,Mata Atlântica
1739096820,4583ab04-637a-36e2-8ea6-d5bc38732d64,-9.287180,-35.950142,2024-12-29 16:32:00,Brasil,ALAGOAS,MURICI,Mata Atlântica
1739096822,47e8be47-fa1c-34c2-8e6f-9d545f7e8624,-9.284740,-35.931961,2024-12-29 16:32:00,Brasil,ALAGOAS,MURICI,Mata Atlântica
1739312978,cc4768b7-3720-3276-ba1a-c674bd8756f2,-10.027100,-36.927879,2024-12-30 17:11:00,Brasil,ALAGOAS,TRAIPU,Caatinga
1739312980,e8354f95-e0e2-378f-bb20-74c13ffb1781,-10.028810,-36.938889,2024-12-30 17:11:00,Brasil,ALAGOAS,TRAIPU,Caatinga
1739313055,a0dabca0-90ad-3b85-8f8b-cd6a6819858b,-10.017430,-36.929630,2024-12-30 17:11:00,Brasil,ALAGOAS,TRAIPU,Caatinga
1739313080,ef83c254-7884-382c-af65-b281bd4507e7,-10.019110,-36.940449,2024-12-30 17:11:00,Brasil,ALAGOAS,TRAIPU,Caatinga
1739313099,d51b2fa2-4bdd-312c-a59a-426b12d144a2,-9.621050,-37.090340,2024-12-30 17:11:00,Brasil,ALAGOAS,BATALHA,Caatinga
1739313114,ba192748-764c-3da9-91aa-91750bf58567,-9.864780,-36.341450,2024-12-30 17:11:00,Brasil,ALAGOAS,JUNQUEIRO,Mata Atlântica
1739313228,c3d984df-3215-34f5-8f9e-7b893b5298b7,-9.866600,-36.353191,2024-12-30 17:11:00,Brasil,ALAGOAS,JUNQUEIRO,Mata Atlântica
1739313316,82cdac0f-18e6-33d5-8d8a-9dab190f5a88,-9.529280,-36.038212,2024-12-30 17:11:00,Brasil,ALAGOAS,ATALAIA,Mata Atlântica
